Ticker,Company Name,Currency,Exchange,Country/Region,Type,Price,Avg Vol,ISIN
SGRE SM Equity,Siemens Gamesa Renewable Energy SA,EUR,SM,ES,Common Stock,18.025,3187500,ES0143416115
ITX SM Equity,Industria de Diseno Textil SA,EUR,SM,ES,Common Stock,22.53,7190726,ES0148396007
IBE SM Equity,Iberdrola SA,EUR,SM,ES,Common Stock,10.925,14554140,ES0144580Y14
TEF SM Equity,Telefonica SA,EUR,SM,ES,Common Stock,4.81,21050970,
CLNX SM Equity,Cellnex Telecom SA,EUR,SM,ES,Common Stock,41.53,1467162,
SAN SM Equity,Banco Santander SA,EUR,SM,ES,Common Stock,3.038,70149620,
REP SM Equity,Repsol SA,EUR,SM,ES,Common Stock,14.98,9669926,
FER SM Equity,Ferrovial SA,EUR,SM,ES,Common Stock,24.11,1284244,
GRF SM Equity,Grifols SA,EUR,SM,ES,Common Stock,19.56,1322261,
CABK SM Equity,CaixaBank SA,EUR,SM,ES,Common Stock,3.433,18900530,
AMS SM Equity,Amadeus IT Group SA,EUR,SM,ES,Common Stock,57.78,786239.4,
BBVA SM Equity,Banco Bilbao Vizcaya Argentaria SA,EUR,SM,ES,Common Stock,5.099,21127900,
FDR SM Equity,Fluidra SA,EUR,SM,ES,Common Stock,24.7,499651.3,
ALM SM Equity,Almirall SA,EUR,SM,ES,Common Stock,10.43,385647.4,
EDPR PL Equity,EDP Renovaveis SA,EUR,PL,ES,Common Stock,22.88,898284.1,
ANE SM Equity,Corp ACCIONA Energias Renovables SA,EUR,SM,ES,Common Stock,36.6,184369.6,
ELE SM Equity,Endesa SA,EUR,SM,ES,Common Stock,20.56,1059842,
ACS SM Equity,ACS Actividades de Construccion y Servicios SA,EUR,SM,ES,Common Stock,26.54,762396.9,
ACX SM Equity,Acerinox SA,EUR,SM,ES,Common Stock,12.11,1495745,
NTGY SM Equity,Naturgy Energy Group SA,EUR,SM,ES,Common Stock,27.9,558176.7,
SLR SM Equity,Solaria Energia y Medio Ambiente SA,EUR,SM,ES,Common Stock,21.65,511800.4,
SAB SM Equity,Banco de Sabadell SA,EUR,SM,ES,Common Stock,0.8408,38377070,
ANA SM Equity,Acciona SA,EUR,SM,ES,Common Stock,187.7,182993.3,
MEL SM Equity,Melia Hotels International SA,EUR,SM,ES,Common Stock,7.555,1045733,
AENA SM Equity,Aena SME SA,EUR,SM,ES,Common Stock,141.4,165032.5,
APPS SM Equity,Applus Services SA,EUR,SM,ES,Common Stock,7.005,232939.8,
EDR SM Equity,eDreams ODIGEO SA,EUR,SM,ES,Common Stock,6.97,136984.1,
ROVI SM Equity,Laboratorios Farmaceuticos Rovi SA,EUR,SM,ES,Common Stock,62.15,134738.7,
ENG SM Equity,Enagas SA,EUR,SM,ES,Common Stock,21.45,959319.7,
HOME SM Equity,Neinor Homes SA,EUR,SM,ES,Common Stock,11.4,275959.2,
REE SM Equity,Red Electrica Corp SA,EUR,SM,ES,Common Stock,19.22,1369530,
GRE SM Equity,Grenergy Renovables SA,EUR,SM,ES,Common Stock,39.64,57102.27,
IDR SM Equity,Indra Sistemas SA,EUR,SM,ES,Common Stock,10.27,761460.7,
GEST SM Equity,Gestamp Automocion SA,EUR,SM,ES,Common Stock,3.794,488373.2,
WBX US Equity,Wallbox NV,USD,US,ES,Common Stock,9.8,246108.7656,
TRE SM Equity,Tecnicas Reunidas SA,EUR,SM,ES,Common Stock,9.96,258484.3,
SCYR SM Equity,Sacyr SA,EUR,SM,ES,Common Stock,2.674,2243301,
BKT SM Equity,Bankinter SA,EUR,SM,ES,Common Stock,5.964,2555356,
MVC SM Equity,Metrovacesa SA,EUR,SM,ES,Common Stock,7.07,227815.7,
VID SM Equity,Vidrala SA,EUR,SM,ES,Common Stock,75.4,34023.46,
VIS SM Equity,Viscofan SA,EUR,SM,ES,Common Stock,50.45,66101.47,
TL5 SM Equity,Mediaset Espana Comunicacion SA,EUR,SM,ES,Common Stock,4.102,371074.4,
MAP SM Equity,Mapfre SA,EUR,SM,ES,Common Stock,1.746,5903050,
UNI SM Equity,Unicaja Banco SA,EUR,SM,ES,Common Stock,0.945,2736664,
LOG SM Equity,Cia de Distribucion Integral Logista Holdings SA,EUR,SM,ES,Common Stock,18.15,230358.9,
SOL SM Equity,Soltec Power Holdings SA,EUR,SM,ES,Common Stock,4.28,417306.3,
CIE SM Equity,CIE Automotive SA,EUR,SM,ES,Common Stock,24.52,215068.1,
SGRE SQ Equity,Siemens Gamesa Renewable Energy SA,EUR,SQ,ES,Common Stock,18.025,3187500,
CASH SM Equity,Prosegur Cash SA,EUR,SM,ES,Common Stock,0.712,746969.3,
AEDAS SM Equity,Aedas Homes SA,EUR,SM,ES,Common Stock,21.9,7221.333,
CAF SM Equity,Construcciones y Auxiliar de Ferrocarriles SA,EUR,SM,ES,Common Stock,30.25,55735,
ENC SM Equity,Ence Energia y Celulosa SA,EUR,SM,ES,Common Stock,3.644,926910.1,
PRS SM Equity,Promotora de Informaciones SA,EUR,SM,ES,Common Stock,0.579,107234.2,
PSG SM Equity,Prosegur Cia de Seguridad SA,EUR,SM,ES,Common Stock,1.859,497611.5,
DIA SM Equity,Distribuidora Internacional de Alimentacion SA,EUR,SM,ES,Common Stock,0.0143,33784670,
TLGO SM Equity,Talgo SA,EUR,SM,ES,Common Stock,3.81,137793.1,
IBE SQ Equity,Iberdrola SA,EUR,SQ,ES,Common Stock,10.925,14554140,
2058002D SM Equity,Ferrovial SA,EUR,SM,ES,Common Stock,#N/A N/A,#N/A N/A,
SAN SQ Equity,Banco Santander SA,EUR,SQ,ES,Common Stock,3.038,70149620,
LDA SM Equity,Linea Directa Aseguradora SA Cia de Seguros y Reaseguros,EUR,SM,ES,Common Stock,1.303,628986.9,
ITX SQ Equity,Industria de Diseno Textil SA,EUR,SQ,ES,Common Stock,22.53,7190726,
OHLA SM Equity,Obrascon Huarte Lain SA,EUR,SM,ES,Common Stock,0.744,1278478,
FER SQ Equity,Ferrovial SA,EUR,SQ,ES,Common Stock,24.11,1284244,
TUB SM Equity,Tubacex SA,EUR,SM,ES,Common Stock,2.47,365337.6,
TEF SQ Equity,Telefonica SA,EUR,SQ,ES,Common Stock,4.81,21050970,
ENO SM Equity,Elecnor SA,EUR,SM,ES,Common Stock,12.35,20144.83,
ADX SM Equity,Audax Renovables SA,EUR,SM,ES,Common Stock,1.252,410347.1,
ABE SM Equity,Abertis Infraestructuras SA,EUR,SM,ES,Common Stock,#N/A N/A,#N/A N/A,
ZOT SM Equity,Zardoya Otis SA,EUR,SM,ES,Common Stock,#N/A N/A,11947.47,
DOM SM Equity,Global Dominion Access SA,EUR,SM,ES,Common Stock,4.125,118291.5,
GCO SM Equity,Grupo Catalana Occidente SA,EUR,SM,ES,Common Stock,28.9,36152.87,
NHH SM Equity,NH Hotel Group SA,EUR,SM,ES,Common Stock,3.9,59340.5,
ATRY SM Equity,Atrys Health SA,EUR,SM,ES,Common Stock,7.5,18447.63,
YMHRE SM Equity,Millenium Hotels Real Estate SL,EUR,SM,ES,Common Stock,3.88,4849.667,
CLNX SQ Equity,Cellnex Telecom SA,EUR,SQ,ES,Common Stock,41.53,1467162,
BBVA SQ Equity,Banco Bilbao Vizcaya Argentaria SA,EUR,SQ,ES,Common Stock,5.099,21127900,
EAT PW Equity,AmRest Holdings SE,PLN,PW,ES,Common Stock,18.6,72180.8,
EBRO SM Equity,Ebro Foods SA,EUR,SM,ES,Common Stock,16.58,43268.46,
PHM SM Equity,Pharma Mar SA,EUR,SM,ES,Common Stock,72.42,55122,
GRF SQ Equity,Grifols SA,EUR,SQ,ES,Common Stock,19.56,1322261,
EIDF SM Equity,Energia Innovacion y Desarrollo Fotovoltaico SA,EUR,SM,ES,Common Stock,60.2,29059.6,
REP SQ Equity,Repsol SA,EUR,SQ,ES,Common Stock,14.98,9669926,
FCC SM Equity,Fomento de Construcciones y Contratas SA,EUR,SM,ES,Common Stock,11.3,41645.9,
A3M SM Equity,Atresmedia Corp de Medios de Comunicacion SA,EUR,SM,ES,Common Stock,4.058,353759.8,
CABK SQ Equity,CaixaBank SA,EUR,SQ,ES,Common Stock,3.433,18900530,
FAE SM Equity,Faes Farma SA,EUR,SM,ES,Common Stock,4.015,383469.6,
ENER SM Equity,Grupo Ecoener SA,EUR,SM,ES,Common Stock,5.62,24436.77,
ALB SM Equity,Corp Financiera Alba SA,EUR,SM,ES,Common Stock,56,33802.96,
AMS SQ Equity,Amadeus IT Group SA,EUR,SQ,ES,Common Stock,57.78,786239.4,
VOC SM Equity,Vocento SA,EUR,SM,ES,Common Stock,0.858,141038.1,
MAKS SM Equity,Making Science Group SA,EUR,SM,ES,Common Stock,19.2,517.2667,
CDR SM Equity,Codere SA/Spain,EUR,SM,ES,Common Stock,#N/A N/A,0,
ALNT SM Equity,Alantra Partners SA,EUR,SM,ES,Common Stock,14,10212.37,
2018603D SM Equity,Talgo SA,EUR,SM,ES,Common Stock,#N/A N/A,#N/A N/A,
HLZ SM Equity,Holaluz-Clidom SA,EUR,SM,ES,Common Stock,11.35,5384.067,
MCM SM Equity,Miquel y Costas & Miquel SA,EUR,SM,ES,Common Stock,12.46,16500.03,
GRN SM Equity,Greenalia SA,EUR,SM,ES,Common Stock,17.3,13185.57,
GTQ1 GY Equity,Siemens Gamesa Renewable Energy SA,EUR,GY,ES,Common Stock,18,16160.8,
SAB SQ Equity,Banco de Sabadell SA,EUR,SQ,ES,Common Stock,0.8408,38377070,
ABG SM Equity,Abengoa SA,EUR,SM,ES,Common Stock,0.0165,0,
PRM SM Equity,Prim SA,EUR,SM,ES,Common Stock,14.2,3332.967,
YIPS SM Equity,Inversa Prime SOCIMI SA,EUR,SM,ES,Common Stock,1.3,28800.8,
ENRS SM Equity,Enerside Energy SA,EUR,SM,ES,Common Stock,6.5,36617.8,
ALM SQ Equity,Almirall SA,EUR,SQ,ES,Common Stock,10.43,385647.4,
SQRL SM Equity,Squirrel Media SA,EUR,SM,ES,Common Stock,3.5,4866.7,
SAI SM Equity,Substrate Artificial Inteligence SA,EUR,SM,ES,Common Stock,1.9,#N/A N/A,
ELE SQ Equity,Endesa SA,EUR,SQ,ES,Common Stock,20.56,1059842,
NTGY SQ Equity,Naturgy Energy Group SA,EUR,SQ,ES,Common Stock,27.9,558176.7,
OLE SM Equity,Deoleo SA,EUR,SM,ES,Common Stock,0.361,1055715,
ABG/P SM Equity,Abengoa SA,EUR,SM,ES,Common Stock,0.0065,0,
ACS SQ Equity,ACS Actividades de Construccion y Servicios SA,EUR,SQ,ES,Common Stock,26.54,762396.9,
IBG SM Equity,Iberpapel Gestion SA,EUR,SM,ES,Common Stock,15.9,9559.6,
GTQ1 TH Equity,Siemens Gamesa Renewable Energy SA,EUR,TH,ES,Common Stock,17.995,50196.07,
TEF EU Equity,Telefonica SA,EUR,EU,ES,Common Stock,4.81,38042660,
ART SM Equity,Arteche Lantegi Elkartea SA,EUR,SM,ES,Common Stock,3.1,12864.57,
RLIA SM Equity,Realia Business SA,EUR,SM,ES,Common Stock,0.96,64289.8,
GRE SQ Equity,Grenergy Renovables SA,EUR,SQ,ES,Common Stock,39.64,57102.27,
ENG SQ Equity,Enagas SA,EUR,SQ,ES,Common Stock,21.45,959319.7,
FDR SQ Equity,Fluidra SA,EUR,SQ,ES,Common Stock,24.7,499651.3,
BKIA SM Equity,Bankia SA,EUR,SM,ES,Common Stock,#N/A N/A,#N/A N/A,
ORY SM Equity,Oryzon Genomics SA,EUR,SM,ES,Common Stock,2.47,87131.4,
ANA SQ Equity,Acciona SA,EUR,SQ,ES,Common Stock,187.7,182993.3,
AMP SM Equity,Amper SA,EUR,SM,ES,Common Stock,0.248,2050363,
CBAV SM Equity,Clinica Baviera SA,EUR,SM,ES,Common Stock,23.9,1253.467,
SPH SM Equity,Profithol SL,EUR,SM,ES,Common Stock,9.1,1948.1,
AGIL SM Equity,Agile Content SA,EUR,SM,ES,Common Stock,5.6,11037.33,
HOME SQ Equity,Neinor Homes SA,EUR,SQ,ES,Common Stock,11.4,275959.2,
BKT SQ Equity,Bankinter SA,EUR,SQ,ES,Common Stock,5.964,2555356,
RJF SM Equity,Laboratorio Reig Jofre SA,EUR,SM,ES,Common Stock,3.05,16371.87,
ISUR SM Equity,Inmobiliaria del Sur SA,EUR,SM,ES,Common Stock,8.1,1881.533,
TLGO SQ Equity,Talgo SA,EUR,SQ,ES,Common Stock,3.81,137793.1,
ANE SQ Equity,Corp ACCIONA Energias Renovables SA,EUR,SQ,ES,Common Stock,36.6,184369.6,
LBK SM Equity,Liberbank SA,EUR,SM,ES,Common Stock,#N/A N/A,#N/A N/A,
REE SQ Equity,Red Electrica Corp SA,EUR,SQ,ES,Common Stock,19.22,1369530,
CLNXEUR EU Equity,Cellnex Telecom SA,EUR,EU,ES,Common Stock,41.54,3815539,
UBS SM Equity,Urbas Grupo Financiero SA,EUR,SM,ES,Common Stock,0.014,7433865,
LLN SM Equity,Lleidanetworks Serveis Telematics SA,EUR,SM,ES,Common Stock,3.78,70881.53,
TRG SM Equity,Tubos Reunidos SA,EUR,SM,ES,Common Stock,0.36,193366,
PAR SM Equity,Parlem Telecom Co De Telecomunicacions SA,EUR,SM,ES,Common Stock,5.86,8833.767,
MEL SQ Equity,Melia Hotels International SA,EUR,SQ,ES,Common Stock,7.555,1045733,
SNG SM Equity,Singular People SA,EUR,SM,ES,Common Stock,4.08,11874.17,
R4 SM Equity,Renta 4 Banco SA,EUR,SM,ES,Common Stock,9.82,2826.433,
AENA SQ Equity,Aena SME SA,EUR,SQ,ES,Common Stock,141.4,165032.5,
FERE S1 Equity,Ferrovial SA,EUR,S1,ES,Common Stock,#N/A N/A,0,
EAT SM Equity,AmRest Holdings SE,EUR,SM,ES,Common Stock,4.1,9273.833,
CMO SM Equity,Cementos Molins SA,EUR,SM,ES,Common Stock,17,1914.333,
VIS SQ Equity,Viscofan SA,EUR,SQ,ES,Common Stock,50.45,66101.47,
ECR SM Equity,Ercros SA,EUR,SM,ES,Common Stock,3.445,164037.4,
GSJ SM Equity,Grupo Empresarial San Jose SA,EUR,SM,ES,Common Stock,4.35,15985.17,
BNC LN Equity,Banco Santander SA,GBp,LN,ES,Common Stock,258.45,414841.7,
CITY SM Equity,Club de Futbol Intercity Sant Joan,EUR,SM,ES,Common Stock,0.71,26419.37,
GIGA SM Equity,Gigas Hosting SA,EUR,SM,ES,Common Stock,8.9,2282.8,
REP EU Equity,Repsol SA,EUR,EU,ES,Common Stock,14.98,18976950,
MAP SQ Equity,Mapfre SA,EUR,SQ,ES,Common Stock,1.746,5903050,
PRO SM Equity,Proeduca Altus SL,EUR,SM,ES,Common Stock,18.3,578.0667,
EDR SQ Equity,eDreams ODIGEO SA,EUR,SQ,ES,Common Stock,6.97,136984.1,
IZER SM Equity,Izertis SA,EUR,SM,ES,Common Stock,8.08,14908.67,
IDR SQ Equity,Indra Sistemas SA,EUR,SQ,ES,Common Stock,10.27,761460.7,
KOM SM Equity,Plasticos Compuestos SA,EUR,SM,ES,Common Stock,1.9,10517.73,
EZE SM Equity,Grupo Ezentis SA,EUR,SM,ES,Common Stock,0.1652,488752.9,
0852019D SM Equity,Abanca Corp Bancaria SA,EUR,SM,ES,Common Stock,#N/A N/A,#N/A N/A,
GAM EU Equity,Siemens Gamesa Renewable Energy SA,EUR,EU,ES,Common Stock,18.025,7293832,
AZK SM Equity,Azkoyen SA,EUR,SM,ES,Common Stock,6.28,4450.467,
SAN* MM Equity,Banco Santander SA,MXN,MM,ES,Common Stock,62,19285.17,
BME SM Equity,Bolsas y Mercados Espanoles SHMSF SA,EUR,SM,ES,Common Stock,#N/A N/A,#N/A N/A,
ROVI SQ Equity,Laboratorios Farmaceuticos Rovi SA,EUR,SQ,ES,Common Stock,62.15,134738.7,
FACE SM Equity,Facephi Biometria SA,EUR,SM,ES,Common Stock,2.98,18237.9,
NXT SM Equity,Nueva Expresion Textil SA,EUR,SM,ES,Common Stock,0.406,38298.3,
LLYC SM Equity,Llorente & Cuenca Madrid SL,EUR,SM,ES,Common Stock,11.6,1240.533,
IDR EU Equity,Indra Sistemas SA,EUR,EU,ES,Common Stock,10.275,1615721,
TL5 SQ Equity,Mediaset Espana Comunicacion SA,EUR,SQ,ES,Common Stock,4.102,371074.4,
CABK EU Equity,CaixaBank SA,EUR,EU,ES,Common Stock,3.433,46641400,
CEP SM Equity,Cia Espanola de Petroleos SA,EUR,SM,ES,Common Stock,#N/A N/A,#N/A N/A,
GALQ SM Equity,General de Alquiler de Maquinaria SA,EUR,SM,ES,Common Stock,1.3,4958.567,
EDPR EU Equity,EDP Renovaveis SA,EUR,EU,ES,Common Stock,22.88,1715433,
GRF EU Equity,Grifols SA,EUR,EU,ES,Common Stock,19.56,3325532,
1091Z SM Equity,Ibercaja Banco SA,EUR,SM,ES,Common Stock,#N/A N/A,#N/A N/A,
REN SM Equity,Renta Corp Real Estate SA,EUR,SM,ES,Common Stock,1.82,17240.63,
SLR SQ Equity,Solaria Energia y Medio Ambiente SA,EUR,SQ,ES,Common Stock,21.65,511800.4,
ACX SQ Equity,Acerinox SA,EUR,SQ,ES,Common Stock,12.11,1495745,
NEA SM Equity,Nicolas Correa SA,EUR,SM,ES,Common Stock,5.2,7075.2,
ABG/P SQ Equity,Abengoa SA,EUR,SQ,ES,Common Stock,0.0065,0,
AI SM Equity,Airtificial Intelligence Structures SA,EUR,SM,ES,Common Stock,0.0865,905572.7,
GYG LN Equity,GYG PLC,GBp,LN,ES,Common Stock,37.5,18231.1,
TRE SQ Equity,Tecnicas Reunidas SA,EUR,SQ,ES,Common Stock,9.96,258484.3,
ALC SM Equity,Altia Consultores SA,EUR,SM,ES,Common Stock,25.8,172.9,
CAF SQ Equity,Construcciones y Auxiliar de Ferrocarriles SA,EUR,SQ,ES,Common Stock,30.25,55735,
EBRO SQ Equity,Ebro Foods SA,EUR,SQ,ES,Common Stock,16.58,43268.46,
SPK SM Equity,Solarpack Corp Tecnologica SA,EUR,SM,ES,Common Stock,#N/A N/A,0,
8944546Z SM Equity,Primafrio SL,EUR,SM,ES,Common Stock,#N/A N/A,#N/A N/A,
APPS SQ Equity,Applus Services SA,EUR,SQ,ES,Common Stock,7.005,232939.8,
0HIT LI Equity,Iberdrola SA,EUR,LI,ES,Common Stock,10.753,284398.9,
MMBMF US Equity,Masmovil Ibercom SA,USD,US,ES,Common Stock,#N/A N/A,#N/A N/A,
GESTEUR EU Equity,Gestamp Automocion SA,EUR,EU,ES,Common Stock,3.794,968971.3,
BBVA* MM Equity,Banco Bilbao Vizcaya Argentaria SA,MXN,MM,ES,Common Stock,107.5,15862.13,
ALME EB Equity,Almirall SA,EUR,EB,ES,Common Stock,10.451,319844.8,
FERE EB Equity,Ferrovial SA,EUR,EB,ES,Common Stock,23.903,637790.8,
NHH SQ Equity,NH Hotel Group SA,EUR,SQ,ES,Common Stock,3.9,59340.5,
ADL SM Equity,ADL Bionatur Solutions SA,EUR,SM,ES,Common Stock,0.302,189358.7,
UNI SQ Equity,Unicaja Banco SA,EUR,SQ,ES,Common Stock,0.945,2736664,
FDR1 EU Equity,Fluidra SA,EUR,EU,ES,Common Stock,24.72,1174664,
COM SM Equity,Catenon SA,EUR,SM,ES,Common Stock,2.04,41674.83,
LIB SM Equity,Libertas 7 SA,EUR,SM,ES,Common Stock,1.5,2573.133,
PANG SM Equity,Pangaea Oncology SA,EUR,SM,ES,Common Stock,1.72,447.2667,
EKT SM Equity,Euskaltel SA,EUR,SM,ES,Common Stock,#N/A N/A,#N/A N/A,
YOVA SM Equity,Optimum III Value-Added Residential Socimi SA,EUR,SM,ES,Common Stock,9.85,98.26667,
ALQ SM Equity,Alquiber Quality SA,EUR,SM,ES,Common Stock,5.85,971.9333,
HOMEE EB Equity,Neinor Homes SA,EUR,EB,ES,Common Stock,11.143,64553,
480S SM Equity,Soluciones Cuatroochenta SA,EUR,SM,ES,Common Stock,16.3,296.2,
ENRS SQ Equity,Enerside Energy SA,EUR,SQ,ES,Common Stock,6.5,36617.8,
ECO SM Equity,Ecolumber S.A.,EUR,SM,ES,Common Stock,1.05,0,
1339Z SM Equity,Real Madrid Football Club,EUR,SM,ES,Common Stock,#N/A N/A,#N/A N/A,
END SM Equity,Endurance Motive SA,EUR,SM,ES,Common Stock,3.83,20688.67,
AMS3 EU Equity,Amadeus IT Group SA,EUR,EU,ES,Common Stock,57.78,1956640,
GTQ1 GR Equity,Siemens Gamesa Renewable Energy SA,EUR,GR,ES,Common Stock,17.995,20694.13,
PVA SM Equity,Pescanova SA,EUR,SM,ES,Common Stock,0.3715,48068.9,
VYT SM Equity,Vytrus Biotech SA,EUR,SM,ES,Common Stock,3.5,3524.533,
POP SM Equity,Banco Popular Espanol SA,EUR,SM,ES,Common Stock,#N/A N/A,#N/A N/A,
ABG SQ Equity,Abengoa SA,EUR,SQ,ES,Common Stock,0.0165,0,
SCYR SQ Equity,Sacyr SA,EUR,SQ,ES,Common Stock,2.674,2243301,
MVC SQ Equity,Metrovacesa SA,EUR,SQ,ES,Common Stock,7.07,227815.7,
YADV SM Equity,Advero Properties Socimi SA,EUR,SM,ES,Common Stock,9.7,381.9667,
MDF SM Equity,Duro Felguera SA,EUR,SM,ES,Common Stock,0.94,355725.1,
NBI SM Equity,NBI Bearings Europe SA,EUR,SM,ES,Common Stock,5.45,2505.233,
PQR SM Equity,Parques Reunidos Servicios Centrales SAU,EUR,SM,ES,Common Stock,#N/A N/A,#N/A N/A,
SAN EU Equity,Banco Santander SA,EUR,EU,ES,Common Stock,3.038,140454100,
IBE EU Equity,Iberdrola SA,EUR,EU,ES,Common Stock,10.923,31420460,
IBLA SM Equity,Iberia Lineas Aereas de Espana SA Operadora,EUR,SM,ES,Common Stock,#N/A N/A,#N/A N/A,
CLR SM Equity,Clerhp Estructuras SA,EUR,SM,ES,Common Stock,2.25,34266.93,
PSG SQ Equity,Prosegur Cia de Seguridad SA,EUR,SQ,ES,Common Stock,1.859,497611.5,
FCC SQ Equity,Fomento de Construcciones y Contratas SA,EUR,SQ,ES,Common Stock,11.3,41645.9,
NTH SM Equity,Naturhouse Health SAU,EUR,SM,ES,Common Stock,1.795,8705.066,
ENCE QX Equity,Ence Energia y Celulosa SA,EUR,QX,ES,Common Stock,3.476,1.066667,
SOL SQ Equity,Soltec Power Holdings SA,EUR,SQ,ES,Common Stock,4.28,417306.3,
SAN* MF Equity,Banco Santander SA,MXN,MF,ES,Common Stock,62,19247.93,
IBE1 GY Equity,Iberdrola SA,EUR,GY,ES,Common Stock,10.92,22143.93,
IBDSF US Equity,Iberdrola SA,USD,US,ES,Common Stock,11.9325,30860.30078,
VID SQ Equity,Vidrala SA,EUR,SQ,ES,Common Stock,75.4,34023.46,
ANEEUR EU Equity,Corp ACCIONA Energias Renovables SA,EUR,EU,ES,Common Stock,36.56,421258.8,
CABKE I2 Equity,CaixaBank SA,EUR,I2,ES,Common Stock,3.433,9746796,
BCDRF US Equity,Banco Santander SA,USD,US,ES,Common Stock,3.15,347784.4063,
PHM SQ Equity,Pharma Mar SA,EUR,SQ,ES,Common Stock,72.42,55122,
PRS SQ Equity,Promotora de Informaciones SA,EUR,SQ,ES,Common Stock,0.579,107234.2,
EIDF SQ Equity,Energia Innovacion y Desarrollo Fotovoltaico SA,EUR,SQ,ES,Common Stock,60.2,29059.6,
LOG SQ Equity,Cia de Distribucion Integral Logista Holdings SA,EUR,SQ,ES,Common Stock,18.15,230358.9,
BAIN SM Equity,Borges Agricultural & Industrial Nuts SA,EUR,SM,ES,Common Stock,2.68,447.9667,
GEST SQ Equity,Gestamp Automocion SA,EUR,SQ,ES,Common Stock,3.794,488373.2,
ALMKS FP Equity,Making Science Group SA,EUR,FP,ES,Common Stock,20.4,1,
SNTA CN Equity,Strategic Minerals Europe Corp,CAD,CN,ES,Common Stock,0.34,11046.7,
VLG SM Equity,Vueling Airlines SA,EUR,SM,ES,Common Stock,#N/A N/A,#N/A N/A,
YTST SM Equity,Testa Residencial Socimi SA,EUR,SM,ES,Common Stock,6.3,0,
MPD SM Equity,Minerales y Productos Derivados SA,EUR,SM,ES,Common Stock,11,0,
ENO SQ Equity,Elecnor SA,EUR,SQ,ES,Common Stock,12.35,20144.83,
ITX EU Equity,Industria de Diseno Textil SA,EUR,EU,ES,Common Stock,22.53,16364780,
REPYF US Equity,Repsol SA,USD,US,ES,Common Stock,16.13,634.3666382,
LLN SQ Equity,Lleidanetworks Serveis Telematics SA,EUR,SQ,ES,Common Stock,3.78,70881.53,
NYE SM Equity,NYESA Valores Corp SA,EUR,SM,ES,Common Stock,0.0029,53479130,
MONI SM Equity,Mondo TV Studios SAU,EUR,SM,ES,Common Stock,0.382,25850.7,
RIO SM Equity,Bodegas Riojanas SA,EUR,SM,ES,Common Stock,2.9,1522.233,
APPSEUR EU Equity,Applus Services SA,EUR,EU,ES,Common Stock,7.005,637056.1,
LBTSF US Equity,Almirall SA,USD,US,ES,Common Stock,10.4,26.66666603,
ART SQ Equity,Arteche Lantegi Elkartea SA,EUR,SQ,ES,Common Stock,3.1,12864.57,
ADZ SM Equity,Adolfo Dominguez SA,EUR,SM,ES,Common Stock,3.73,1592.167,
NAT SM Equity,Natra SA,EUR,SM,ES,Common Stock,#N/A N/A,#N/A N/A,
AENAEUR EU Equity,Aena SME SA,EUR,EU,ES,Common Stock,141.4,401469.5,
FERE I2 Equity,Ferrovial SA,EUR,I2,ES,Common Stock,24.11,625975.4,
CABKE QE Equity,CaixaBank SA,EUR,QE,ES,Common Stock,3.433,1862333,
FRRVF US Equity,Ferrovial SA,USD,US,ES,Common Stock,24.8,128.0666656,
GCTAF US Equity,Siemens Gamesa Renewable Energy SA,USD,US,ES,Common Stock,19.15,12881.0332,
1092Z SM Equity,Futbol Club Barcelona SL,EUR,SM,ES,Common Stock,#N/A N/A,#N/A N/A,
DIA SQ Equity,Distribuidora Internacional de Alimentacion SA,EUR,SQ,ES,Common Stock,0.0143,33784670,
SCYR EU Equity,Sacyr SA,EUR,EU,ES,Common Stock,2.674,3926961,
YSIL SM Equity,Silicius Real Estate Socimi SA,EUR,SM,ES,Common Stock,15.9,69.96667,
MIO SM Equity,Media Investment Optimization SA,EUR,SM,ES,Common Stock,7,743.7667,
TEFOF US Equity,Telefonica SA,USD,US,ES,Common Stock,5.47,10566.2002,
ALPHI FP Equity,Facephi Biometria SA,EUR,FP,ES,Common Stock,3.05,129.0667,
MED SM Equity,Medcom Tech SA,EUR,SM,ES,Common Stock,0.89,136.8333,
AMP SQ Equity,Amper SA,EUR,SQ,ES,Common Stock,0.248,2050363,
BBVA EU Equity,Banco Bilbao Vizcaya Argentaria SA,EUR,EU,ES,Common Stock,5.099,49678960,
CABKE T1 Equity,CaixaBank SA,EUR,T1,ES,Common Stock,3.433,1553668,
AEDAS SQ Equity,Aedas Homes SA,EUR,SQ,ES,Common Stock,21.9,7221.333,
FERE IX Equity,Ferrovial SA,EUR,IX,ES,Common Stock,24.33,2574.133,
OHLA SQ Equity,Obrascon Huarte Lain SA,EUR,SQ,ES,Common Stock,0.744,1278478,
PRO SQ Equity,Proeduca Altus SL,EUR,SQ,ES,Common Stock,18.3,578.0667,
EEP SM Equity,EuroEspes SA,EUR,SM,ES,Common Stock,0.49,10551.3,
MTB SM Equity,Montebalito SA,EUR,SM,ES,Common Stock,1.4,5326.667,
ALQP FP Equity,Quadpack Industries,EUR,FP,ES,Common Stock,23.2,1,
BTO SM Equity,Banco Espanol de Credito SA,EUR,SM,ES,Common Stock,#N/A N/A,#N/A N/A,
MLSCI FP Equity,Scientia School SA,EUR,FP,ES,Common Stock,#N/A N/A,0,
0HIT LO Equity,Iberdrola SA,EUR,LO,ES,Common Stock,10.753,284398.9,
BBVA* MF Equity,Banco Bilbao Vizcaya Argentaria SA,MXN,MF,ES,Common Stock,107.5,14480.2,
FAE SQ Equity,Faes Farma SA,EUR,SQ,ES,Common Stock,4.015,383469.6,
ABFOF US Equity,Abertis Infraestructuras SA,USD,US,ES,Common Stock,#N/A N/A,0,
MLINT FP Equity,Iante Investments Socimi SA,EUR,FP,ES,Common Stock,4.62,#N/A N/A,
EDDRF US Equity,eDreams ODIGEO SA,USD,US,ES,Common Stock,7.25,924.0999756,
YVIV SM Equity,Vivenio Residencial Socimi SA,EUR,SM,ES,Common Stock,1.35,0,
ALB SQ Equity,Corp Financiera Alba SA,EUR,SQ,ES,Common Stock,56,33802.96,
LGT SM Equity,Lingotes Especiales SA,EUR,SM,ES,Common Stock,10.15,1519.567,
SLR EU Equity,Solaria Energia y Medio Ambiente SA,EUR,EU,ES,Common Stock,21.65,1234116,
GASNF US Equity,Naturgy Energy Group SA,USD,US,ES,Common Stock,29.79,109.3333359,
EDR1EUR EU Equity,eDreams ODIGEO SA,EUR,EU,ES,Common Stock,6.97,344853.6,
DOM SQ Equity,Global Dominion Access SA,EUR,SQ,ES,Common Stock,4.125,118291.5,
CLNXE I2 Equity,Cellnex Telecom SA,EUR,I2,ES,Common Stock,41.54,997734.6,
FER EU Equity,Ferrovial SA,EUR,EU,ES,Common Stock,24.11,2819322,
UFG GR Equity,Ferrovial SA,EUR,GR,ES,Common Stock,23.94,32.56667,
1936734D SM Equity,Ferrovial SA,EUR,SM,ES,Common Stock,#N/A N/A,#N/A N/A,
ELE EU Equity,Endesa SA,EUR,EU,ES,Common Stock,20.56,2486207,
IDEXF US Equity,Industria de Diseno Textil SA,USD,US,ES,Common Stock,24.17,51250.5,
PANG SQ Equity,Pangaea Oncology SA,EUR,SQ,ES,Common Stock,1.72,447.2667,
EDRVF US Equity,EDP Renovaveis SA,USD,US,ES,Common Stock,24.6701,159.7333374,
MEL EU Equity,Melia Hotels International SA,EUR,EU,ES,Common Stock,7.55,2181370,
VIS EU Equity,Viscofan SA,EUR,EU,ES,Common Stock,50.375,162165.2,
AGIL SQ Equity,Agile Content SA,EUR,SQ,ES,Common Stock,5.6,11037.33,
CIE SQ Equity,CIE Automotive SA,EUR,SQ,ES,Common Stock,24.52,215068.1,
GCO SQ Equity,Grupo Catalana Occidente SA,EUR,SQ,ES,Common Stock,28.9,36152.87,
MLIFS FP Equity,Impulse Fitness Solutions SA,EUR,FP,ES,Common Stock,12.8,11.16667,
CODEF US Equity,Codere SA/Spain,USD,US,ES,Common Stock,#N/A N/A,#N/A N/A,
E2Z GR Equity,Almirall SA,EUR,GR,ES,Common Stock,10.37,79.1,
TUB SQ Equity,Tubacex SA,EUR,SQ,ES,Common Stock,2.47,365337.6,
91648Z SM Equity,Autonomous Community of Madrid Spain,EUR,SM,ES,Common Stock,#N/A N/A,#N/A N/A,
ALQ SQ Equity,Alquiber Quality SA,EUR,SQ,ES,Common Stock,5.85,971.9333,
MVCEUR EU Equity,Metrovacesa SA,EUR,EU,ES,Common Stock,7.07,485433.3,
ADX SQ Equity,Audax Renovables SA,EUR,SQ,ES,Common Stock,1.252,410347.1,
TR1 SM Equity,Tier 1 Technology SA,EUR,SM,ES,Common Stock,2.79,15024.73,
A3M SQ Equity,Atresmedia Corp de Medios de Comunicacion SA,EUR,SQ,ES,Common Stock,4.058,353759.8,
ISE SM Equity,Innovative Solutions Ecosystem SA,EUR,SM,ES,Common Stock,0.598,10575.93,
ENER SQ Equity,Grupo Ecoener SA,EUR,SQ,ES,Common Stock,5.62,24436.77,
ENGGF US Equity,Enagas SA,USD,US,ES,Common Stock,22.77,28.56666756,
1964719D SM Equity,Iberdrola SA,EUR,SM,ES,Common Stock,#N/A N/A,#N/A N/A,
ALT SM Equity,Altadis SA,EUR,SM,ES,Common Stock,#N/A N/A,#N/A N/A,
AYC SM Equity,Ayco Grupo Inmobiliario SA,EUR,SM,ES,Common Stock,0.68,0,
RBT SM Equity,Robot SA,EUR,SM,ES,Common Stock,2.02,335.2667,
YHCR SM Equity,Home Capital Rentals Socimi SA,EUR,SM,ES,Common Stock,7.5,108.8333,
1902125D SM Equity,Primafrio Corp SA,EUR,SM,ES,Common Stock,#N/A N/A,#N/A N/A,
ALNT SQ Equity,Alantra Partners SA,EUR,SQ,ES,Common Stock,14,10212.37,
ZRDZF US Equity,Zardoya Otis SA,USD,US,ES,Common Stock,#N/A N/A,0,
BOY TH Equity,Banco Bilbao Vizcaya Argentaria SA,EUR,TH,ES,Common Stock,5.077,32801.96,
YLFG SM Equity,La Finca Global Assets SOCIMI SA,EUR,SM,ES,Common Stock,5.15,98.4,
ECR SQ Equity,Ercros SA,EUR,SQ,ES,Common Stock,3.445,164037.4,
SGREE PO Equity,Siemens Gamesa Renewable Energy SA,EUR,PO,ES,Common Stock,18.02,53384.67,
1397506D SM Equity,Banco Bilbao Vizcaya Argentaria SA,EUR,SM,ES,Common Stock,#N/A N/A,#N/A N/A,
GSH SM Equity,Mobiliaria Monesa SA,EUR,SM,ES,Common Stock,2.1,0.03333334,
SAB3 EU Equity,Banco de Sabadell SA,EUR,EU,ES,Common Stock,0.841,76620190,
ORYZF US Equity,Oryzon Genomics SA,USD,US,ES,Common Stock,2.6,3.333333254,
IBE IM Equity,Iberdrola SA,EUR,IM,ES,Common Stock,11,2410.233,
SEC SM Equity,Secuoya Grupo de Comunicacion SA,EUR,SM,ES,Common Stock,5.9,8.366667,
WBX UN Equity,Wallbox NV,USD,UN,ES,Common Stock,9.8,54649.93359,
YINB1 SM Equity,Inbest Prime I Inmuebles Socimi SA,EUR,SM,ES,Common Stock,1.16,0,
ALM3 EU Equity,Almirall SA,EUR,EU,ES,Common Stock,10.42,1021696,
BBV BB Equity,Banco Bilbao Vizcaya Argentaria SA,EUR,BB,ES,Common Stock,4.8935,62.53333,
TNE5 GY Equity,Telefonica SA,EUR,GY,ES,Common Stock,4.813,154825.2,
NTX SM Equity,Netex Knowledge Factory SA,EUR,SM,ES,Common Stock,3.28,1632.833,
TPZE I2 Equity,Food Delivery Brands Group SA,EUR,I2,ES,Common Stock,#N/A N/A,#N/A N/A,
YNPC SM Equity,Nextpoint Capital Socimi SA,EUR,SM,ES,Common Stock,10.8,0,
0TDE LI Equity,Telefonica SA,EUR,LI,ES,Common Stock,4.7855,694415.7,
ANA EU Equity,Acciona SA,EUR,EU,ES,Common Stock,187.7,405045.5,
GRFE I2 Equity,Grifols SA,EUR,I2,ES,Common Stock,19.555,814917.4,
UNJCFEUR EU Equity,Unicaja Banco SA,EUR,EU,ES,Common Stock,0.945,6402150,
CAM SM Equity,Caja de Ahorros del Mediterraneo,EUR,SM,ES,Common Stock,1.34,0,
ELZ SM Equity,Asturiana de Laminados SA,EUR,SM,ES,Common Stock,0.298,83377.3,
YARP SM Equity,Arrienda Rental Properties Socimi SA,EUR,SM,ES,Common Stock,2.9,0,
4CD1 GR Equity,Codere SA/Spain,EUR,GR,ES,Common Stock,#N/A N/A,0,
DESA SM Equity,Desarrollos especiales de sistemas de Anclaje SA,EUR,SM,ES,Common Stock,15.5,3.833333,
ENC EU Equity,Ence Energia y Celulosa SA,EUR,EU,ES,Common Stock,3.644,1898841,
ZDO GR Equity,Zardoya Otis SA,EUR,GR,ES,Common Stock,7,0,
HOME2EUR EU Equity,Neinor Homes SA,EUR,EU,ES,Common Stock,11.4,372523.5,
PRM SQ Equity,Prim SA,EUR,SQ,ES,Common Stock,14.2,3332.967,
FERE S4 Equity,Ferrovial SA,EUR,S4,ES,Common Stock,24.08,756.7333,
VOC SQ Equity,Vocento SA,EUR,SQ,ES,Common Stock,0.858,141038.1,
MLJ21 FP Equity,Jungle21 SA,EUR,FP,ES,Common Stock,#N/A N/A,#N/A N/A,
TL5 EU Equity,Mediaset Espana Comunicacion SA,EUR,EU,ES,Common Stock,4.102,1470947,
YIPS SQ Equity,Inversa Prime SOCIMI SA,EUR,SQ,ES,Common Stock,1.3,28800.8,
BVA SM Equity,Banco de Valencia SA,EUR,SM,ES,Common Stock,#N/A N/A,#N/A N/A,
GAS EU Equity,Naturgy Energy Group SA,EUR,EU,ES,Common Stock,27.9,1190777,
NPG SM Equity,NPG Technology SA,EUR,SM,ES,Common Stock,1.57,0,
ALISP FP Equity,ISPD Network SA,EUR,FP,ES,Common Stock,4.08,519.3666,
BSD2 TH Equity,Banco Santander SA,EUR,TH,ES,Common Stock,3.0305,159162.9,
CMM SM Equity,Commcenter SA,EUR,SM,ES,Common Stock,2.14,56.66667,
FLUIF US Equity,Fluidra SA,USD,US,ES,Common Stock,26.1701,248.6000061,
ROVI EU Equity,Laboratorios Farmaceuticos Rovi SA,EUR,EU,ES,Common Stock,62.15,330555,
STCXH LX Equity,St Croix Holding Immobilier Socimi SA,EUR,LX,ES,Common Stock,#N/A N/A,0,
GRI SM Equity,Grino Ecologic SA,EUR,SM,ES,Common Stock,2.1,176.6667,
IXD1 TH Equity,Industria de Diseno Textil SA,EUR,TH,ES,Common Stock,22.54,10038.6,
RLIA SQ Equity,Realia Business SA,EUR,SQ,ES,Common Stock,0.96,64289.8,
TLX SM Equity,Telxius Telecom SA,EUR,SM,ES,Common Stock,#N/A N/A,#N/A N/A,
IBE1 GR Equity,Iberdrola SA,EUR,GR,ES,Common Stock,10.92,29183.7,
LDA SQ Equity,Linea Directa Aseguradora SA Cia de Seguros y Reaseguros,EUR,SQ,ES,Common Stock,1.303,628986.9,
TNE5 GR Equity,Telefonica SA,EUR,GR,ES,Common Stock,4.813,163951.7,
472 GZ Equity,Cellnex Telecom SA,EUR,GZ,ES,Common Stock,41.4,17.96667,
AEDASEUR EU Equity,Aedas Homes SA,EUR,EU,ES,Common Stock,21.9,14751.2,
YINB7 SM Equity,Inbest Prime VII Inmuebles SOCIMI SA,EUR,SM,ES,Common Stock,1.03,216.6667,
1946440D SM Equity,Telefonica SA,EUR,SM,ES,Common Stock,#N/A N/A,#N/A N/A,
BBVXF US Equity,Banco Bilbao Vizcaya Argentaria SA,USD,US,ES,Common Stock,5.495,18511.33398,
BIO SM Equity,Biosearch SA,EUR,SM,ES,Common Stock,#N/A N/A,#N/A N/A,
NNRHF US Equity,Neinor Homes SA,USD,US,ES,Common Stock,#N/A N/A,0,
SANE EB Equity,Banco Santander SA,EUR,EB,ES,Common Stock,3.0277,33890500,
YIPSE L1 Equity,Inversa Prime SOCIMI SA,EUR,L1,ES,Common Stock,#N/A N/A,#N/A N/A,
1368829D SM Equity,Repsol SA,EUR,SM,ES,Common Stock,#N/A N/A,#N/A N/A,
PRS EU Equity,Promotora de Informaciones SA,EUR,EU,ES,Common Stock,0.579,149968.5,
ZOTE EB Equity,Zardoya Otis SA,EUR,EB,ES,Common Stock,#N/A N/A,1016.133,
ABE EU Equity,Abertis Infraestructuras SA,EUR,EU,ES,Common Stock,#N/A N/A,#N/A N/A,
AMEN SM Equity,Aeternal Mentis SA,EUR,SM,ES,Common Stock,9.2,452.7667,
BBVAE I2 Equity,Banco Bilbao Vizcaya Argentaria SA,EUR,I2,ES,Common Stock,5.099,10144080,
CASH SQ Equity,Prosegur Cash SA,EUR,SQ,ES,Common Stock,0.712,746969.3,
EDPRU PO Equity,EDP Renovaveis SA,EUR,PO,ES,Common Stock,22.75,12836.8,
MVCE EB Equity,Metrovacesa SA,EUR,EB,ES,Common Stock,7.05,92842.84,
SAI SQ Equity,Substrate Artificial Inteligence SA,EUR,SQ,ES,Common Stock,1.9,#N/A N/A,
SANT IM Equity,Banco Santander SA,EUR,IM,ES,Common Stock,3.032,16664.77,
UPL/N SM Equity,Adveo Group International SA,EUR,SM,ES,Common Stock,#N/A N/A,#N/A N/A,
YMIB SM Equity,Mistral Iberia Real Estate Socimi SA,EUR,SM,ES,Common Stock,1.07,0,
BNDSF US Equity,Banco de Sabadell SA,USD,US,ES,Common Stock,0.8995,314.2666626,
CODEF UV Equity,Codere SA/Spain,USD,UV,ES,Common Stock,#N/A N/A,#N/A N/A,
REP TH Equity,Repsol SA,EUR,TH,ES,Common Stock,14.94,16564,
TEF IM Equity,Telefonica SA,EUR,IM,ES,Common Stock,4.798,7246.567,
ZOTE TQ Equity,Zardoya Otis SA,EUR,TQ,ES,Common Stock,#N/A N/A,171.9,
HOMEE I2 Equity,Neinor Homes SA,EUR,I2,ES,Common Stock,11.35,15008.57,
W29 GR Equity,Energia Innovacion y Desarrollo Fotovoltaico SA,EUR,GR,ES,Common Stock,59.8,72.5,
1879494D SM Equity,Opdenergy Holdings SA,EUR,SM,ES,Common Stock,#N/A N/A,#N/A N/A,
ATRY SQ Equity,Atrys Health SA,EUR,SQ,ES,Common Stock,7.5,18447.63,
AYO GR Equity,Abengoa SA,EUR,GR,ES,Common Stock,#N/A N/A,#N/A N/A,
FER EP Equity,Ferrovial SA,EUR,EP,ES,Common Stock,24.11,1313940,
GAM XV Equity,Siemens Gamesa Renewable Energy SA,EUR,XV,ES,Common Stock,18.02,3780105,
MCM SQ Equity,Miquel y Costas & Miquel SA,EUR,SQ,ES,Common Stock,12.46,16500.03,
TU1 GR Equity,Tubos Reunidos SA,EUR,GR,ES,Common Stock,0.343,0,
YINB3 SM Equity,Inbest Prime III Inmuebles Socimi SA,EUR,SM,ES,Common Stock,1.01,3333.333,
AZU GF Equity,Ebro Foods SA,EUR,GF,ES,Common Stock,16.56,122.8667,
BBVAE QE Equity,Banco Bilbao Vizcaya Argentaria SA,EUR,QE,ES,Common Stock,5.097,2120553,
EZE SQ Equity,Grupo Ezentis SA,EUR,SQ,ES,Common Stock,0.1652,488752.9,
SAY SM Equity,Saeta Yield SA,EUR,SM,ES,Common Stock,#N/A N/A,#N/A N/A,
SQRL SQ Equity,Squirrel Media SA,EUR,SQ,ES,Common Stock,3.5,4866.7,
BBVA IM Equity,Banco Bilbao Vizcaya Argentaria SA,EUR,IM,ES,Common Stock,5.062,784.5,
IBE1 TH Equity,Iberdrola SA,EUR,TH,ES,Common Stock,10.925,29788.97,
IBR SM Equity,Iberdrola Renovables SA,EUR,SM,ES,Common Stock,#N/A N/A,#N/A N/A,
QBT SM Equity,Quabit Inmobiliaria SA,EUR,SM,ES,Common Stock,#N/A N/A,#N/A N/A,
YGO2 SM Equity,Greenoak Spain Holdings Socimi II SA,EUR,SM,ES,Common Stock,4.38,296.4333,
1234Z SM Equity,Grupo Isolux Corsan SA,EUR,SM,ES,Common Stock,#N/A N/A,#N/A N/A,
EDW GR Equity,EDP Renovaveis SA,EUR,GR,ES,Common Stock,22.43,308,
IBEN MM Equity,Iberdrola SA,MXN,MM,ES,Common Stock,228.77,958.5333,
SANE I2 Equity,Banco Santander SA,EUR,I2,ES,Common Stock,3.038,25390420,
U8S GR Equity,Substrate Artificial Inteligence SA,EUR,GR,ES,Common Stock,1.962,#N/A N/A,
ZOTE S1 Equity,Zardoya Otis SA,EUR,S1,ES,Common Stock,#N/A N/A,#N/A N/A,
BBVAE T1 Equity,Banco Bilbao Vizcaya Argentaria SA,EUR,T1,ES,Common Stock,5.096,939530.2,
CLEO SM Equity,Cia Levantina de Edificacion y Obras Publicas SA,EUR,SM,ES,Common Stock,1.15,0,
E2Z TH Equity,Almirall SA,EUR,TH,ES,Common Stock,10.47,327.9333,
SAN XV Equity,Banco Santander SA,EUR,XV,ES,Common Stock,3.035,54380720,
1572241D SM Equity,Metrovacesa SA/Old,EUR,SM,ES,Common Stock,#N/A N/A,#N/A N/A,
ALME IX Equity,Almirall SA,EUR,IX,ES,Common Stock,10.31,323.6667,
TEFE I2 Equity,Telefonica SA,EUR,I2,ES,Common Stock,4.81,7254156,
TEFE S1 Equity,Telefonica SA,EUR,S1,ES,Common Stock,#N/A N/A,0,
1195Z SM Equity,Mutua Madrilena Automovilista,EUR,SM,ES,Common Stock,#N/A N/A,#N/A N/A,
1398577D SM Equity,Food Delivery Brands SA,EUR,SM,ES,Common Stock,#N/A N/A,#N/A N/A,
ACSE S1 Equity,ACS Actividades de Construccion y Servicios SA,EUR,S1,ES,Common Stock,#N/A N/A,#N/A N/A,
EIDFEUR EU Equity,Energia Innovacion y Desarrollo Fotovoltaico SA,EUR,EU,ES,Common Stock,60.2,29132.1,
LIW SM Equity,Liwe Espanola SA,EUR,SM,ES,Common Stock,8,23.03333,
REPE I2 Equity,Repsol SA,EUR,I2,ES,Common Stock,14.98,3717805,
SPH SQ Equity,Profithol SL,EUR,SQ,ES,Common Stock,9.1,1948.1,
YINB2 SM Equity,Inbest Prime II Inmuebles Socimi SA,EUR,SM,ES,Common Stock,1.01,0,
1937733D US Equity,Wallbox NV,USD,US,ES,Common Stock,#N/A N/A,#N/A N/A,
ADL SQ Equity,ADL Bionatur Solutions SA,EUR,SQ,ES,Common Stock,0.302,189358.7,
DOMO SM Equity,Domo Activos SA,EUR,SM,ES,Common Stock,1.55,183.3333,
GCO EU Equity,Grupo Catalana Occidente SA,EUR,EU,ES,Common Stock,28.9,70283.13,
IBG SQ Equity,Iberpapel Gestion SA,EUR,SQ,ES,Common Stock,15.9,9559.6,
MLKTS PL Equity,Ktesios Real Estate Socimi SA,EUR,PL,ES,Common Stock,13.5,195.8333,
PMG NM Equity,Private Media Group Inc,EUR,NM,ES,Common Stock,#N/A N/A,#N/A N/A,
A3ME S1 Equity,Atresmedia Corp de Medios de Comunicacion SA,EUR,S1,ES,Common Stock,#N/A N/A,#N/A N/A,
FDRE I2 Equity,Fluidra SA,EUR,I2,ES,Common Stock,24.72,306616.7,
ITX IM Equity,Industria de Diseno Textil SA,EUR,IM,ES,Common Stock,22.6,603.1334,
0P2N LI Equity,Ferrovial SA,EUR,LI,ES,Common Stock,24.155,107849.8,
CASH2EUR EU Equity,Prosegur Cash SA,EUR,EU,ES,Common Stock,0.712,1351873,
CDRE BQ Equity,Codere SA/Spain,EUR,BQ,ES,Common Stock,#N/A N/A,#N/A N/A,
MVCE T1 Equity,Metrovacesa SA,EUR,T1,ES,Common Stock,#N/A N/A,#N/A N/A,
OHL EU Equity,Obrascon Huarte Lain SA,EUR,EU,ES,Common Stock,0.745,2336520,
VID EU Equity,Vidrala SA,EUR,EU,ES,Common Stock,75.4,71791.27,
YMAN SM Equity,Mansfield Invest Socimi SA,EUR,SM,ES,Common Stock,1.21,35.23333,
0122261D SM Equity,Cia Logistica de Hidrocarburos CLH SA,EUR,SM,ES,Common Stock,#N/A N/A,#N/A N/A,
AMSE I2 Equity,Amadeus IT Group SA,EUR,I2,ES,Common Stock,57.78,478571.7,
BBVAE EB Equity,Banco Bilbao Vizcaya Argentaria SA,EUR,EB,ES,Common Stock,5.095,13726880,
BBVAE S1 Equity,Banco Bilbao Vizcaya Argentaria SA,EUR,S1,ES,Common Stock,#N/A N/A,0,
CIXPF US Equity,CaixaBank SA,USD,US,ES,Common Stock,3.56,2922.699951,
ECG SM Equity,Euroconsult Engineering Consulting Group SA,EUR,SM,ES,Common Stock,1.6,0,
ENG EU Equity,Enagas SA,EUR,EU,ES,Common Stock,21.45,1972241,
LABFF US Equity,Laboratorios Farmaceuticos Rovi SA,USD,US,ES,Common Stock,0.03,27.16666603,
REP GY Equity,Repsol SA,EUR,GY,ES,Common Stock,14.945,35746.8,
SGREN MM Equity,Siemens Gamesa Renewable Energy SA,MXN,MM,ES,Common Stock,416,159.1667,
YGAV SM Equity,Gavari Properties Socimi SA,EUR,SM,ES,Common Stock,24.2,68.9,
0SYQ LN Equity,Codere SA/Spain,EUR,LN,ES,Common Stock,#N/A N/A,#N/A N/A,
1076Z SM Equity,Banco Cooperativo Espanol SA,EUR,SM,ES,Common Stock,#N/A N/A,#N/A N/A,
3465593Q SM Equity,Grupo Ferrovial SA,EUR,SM,ES,Common Stock,#N/A N/A,#N/A N/A,
67E GR Equity,Wallbox NV,EUR,GR,ES,Common Stock,9.116,44.83333,
AJ3 GR Equity,Acciona SA,EUR,GR,ES,Common Stock,187.3,9.166667,
BSD2 GY Equity,Banco Santander SA,EUR,GY,ES,Common Stock,3.0305,134301,
CAF1 EU Equity,Construcciones y Auxiliar de Ferrocarriles SA,EUR,EU,ES,Common Stock,30.25,109296.5,
GAN GR Equity,Naturgy Energy Group SA,EUR,GR,ES,Common Stock,27.69,186.6,
OZTA GF Equity,Grifols SA,EUR,GF,ES,Common Stock,19.445,63.4,
TFA BB Equity,Telefonica SA,EUR,BB,ES,Common Stock,4.79,822.6,
VISE S1 Equity,Viscofan SA,EUR,S1,ES,Common Stock,52.1,5.6,
0H4N LI Equity,Siemens Gamesa Renewable Energy SA,EUR,LI,ES,Common Stock,17.945,149267.1,
1NN TH Equity,Neinor Homes SA,EUR,TH,ES,Common Stock,11.2,4.8,
ANEEUR EO Equity,Corp ACCIONA Energias Renovables SA,EUR,EO,ES,Common Stock,#N/A N/A,#N/A N/A,
CLNXF US Equity,Cellnex Telecom SA,USD,US,ES,Common Stock,45.86,1046.266724,
ENCE EB Equity,Ence Energia y Celulosa SA,EUR,EB,ES,Common Stock,3.583,552136.4,
4F1 GF Equity,Fluidra SA,EUR,GF,ES,Common Stock,24.48,8.666667,
CRF SM Equity,Centros Comerciales Carrefour SA,EUR,SM,ES,Common Stock,#N/A N/A,#N/A N/A,
MS6N TH Equity,Metrovacesa SA,EUR,TH,ES,Common Stock,6.97,128.4667,
TEFE IX Equity,Telefonica SA,EUR,IX,ES,Common Stock,4.8125,50425.93,
1004Z SM Equity,Autonomous Community of Andalusia Spain,EUR,SM,ES,Common Stock,#N/A N/A,#N/A N/A,
ACS EU Equity,ACS Actividades de Construccion y Servicios SA,EUR,EU,ES,Common Stock,26.54,1600692,
EBRO EU Equity,Ebro Foods SA,EUR,EU,ES,Common Stock,16.58,149322.8,
FRS EU Equity,Audax Renovables SA,EUR,EU,ES,Common Stock,1.254,611832.1,
IBEE I2 Equity,Iberdrola SA,EUR,I2,ES,Common Stock,10.923,5307063,
OLE SQ Equity,Deoleo SA,EUR,SQ,ES,Common Stock,0.361,1055715,
SANTA BB Equity,Banco Santander SA,EUR,BB,ES,Common Stock,3.018,10844.3,
TLGOE I2 Equity,Talgo SA,EUR,I2,ES,Common Stock,3.803,6361.467,
0NR7 LI Equity,Zardoya Otis SA,EUR,LI,ES,Common Stock,#N/A N/A,18234,
1023Z SM Equity,Xunta de Galicia,EUR,SM,ES,Common Stock,#N/A N/A,#N/A N/A,
1246Z SM Equity,Atradius Credito Y Caucion Sa De Seguros Y Reaseguros,EUR,SM,ES,Common Stock,#N/A N/A,#N/A N/A,
1404933D SM Equity,Hispania Activos Inmobiliarios SOCIMI SA,EUR,SM,ES,Common Stock,#N/A N/A,#N/A N/A,
CITY SQ Equity,Club de Futbol Intercity Sant Joan,EUR,SQ,ES,Common Stock,0.71,26419.37,
HOMEE S1 Equity,Neinor Homes SA,EUR,S1,ES,Common Stock,#N/A N/A,#N/A N/A,
ITXE I2 Equity,Industria de Diseno Textil SA,EUR,I2,ES,Common Stock,22.53,3372296,
PHMMF US Equity,Pharma Mar SA,USD,US,ES,Common Stock,76,40.20000076,
R4 EU Equity,Renta 4 Banco SA,EUR,EU,ES,Common Stock,9.74,2828.133,
UNF SM Equity,Union Fenosa SA,EUR,SM,ES,Common Stock,#N/A N/A,#N/A N/A,
1808Z SM Equity,Santalucia Seguros SA,EUR,SM,ES,Common Stock,#N/A N/A,#N/A N/A,
5GR TH Equity,Grenergy Renovables SA,EUR,TH,ES,Common Stock,#N/A N/A,#N/A N/A,
695891Z SM Equity,Inmobiopres Holding SA,EUR,SM,ES,Common Stock,#N/A N/A,#N/A N/A,
ALME S4 Equity,Almirall SA,EUR,S4,ES,Common Stock,10.42,508.1333,
AYO2 GR Equity,Abengoa SA,EUR,GR,ES,Common Stock,#N/A N/A,#N/A N/A,
CEV SM Equity,ESP Viviendas Alquiler SA,EUR,SM,ES,Common Stock,7.2,927.8666,
ITXUSD EZ Equity,Industria de Diseno Textil SA,USD,EZ,ES,Common Stock,#N/A N/A,#N/A N/A,
SGREE I2 Equity,Siemens Gamesa Renewable Energy SA,EUR,I2,ES,Common Stock,18.025,1578832,
TNE5 TH Equity,Telefonica SA,EUR,TH,ES,Common Stock,4.813,57092.1,
VOCE EB Equity,Vocento SA,EUR,EB,ES,Common Stock,0.911,1214.8,
1027750D SM Equity,Cia de Distribucion Integral Logista SA,EUR,SM,ES,Common Stock,#N/A N/A,#N/A N/A,
ALB EU Equity,Corp Financiera Alba SA,EUR,EU,ES,Common Stock,56,40175.04,
BBVA LN Equity,Banco Bilbao Vizcaya Argentaria SA,EUR,LN,ES,Common Stock,#N/A N/A,#N/A N/A,
BKT EU Equity,Bankinter SA,EUR,EU,ES,Common Stock,5.966,6234199,
BVA LN Equity,Banco Bilbao Vizcaya Argentaria SA,EUR,LN,ES,Common Stock,5.0715,108542.1,
GRE1EUR EZ Equity,Grenergy Renovables SA,EUR,EZ,ES,Common Stock,39.64,63346.9,
GRN SQ Equity,Greenalia SA,EUR,SQ,ES,Common Stock,17.3,13185.57,
PAR SQ Equity,Parlem Telecom Co De Telecomunicacions SA,EUR,SQ,ES,Common Stock,5.86,8833.767,
TRE EU Equity,Tecnicas Reunidas SA,EUR,EU,ES,Common Stock,9.96,448177.8,
0216670D SM Equity,Volotea SL,EUR,SM,ES,Common Stock,#N/A N/A,#N/A N/A,
1887521D SM Equity,Ferrovial SA,EUR,SM,ES,Common Stock,#N/A N/A,#N/A N/A,
HOMEE S4 Equity,Neinor Homes SA,EUR,S4,ES,Common Stock,10.96,5.9,
IBEE EB Equity,Iberdrola SA,EUR,EB,ES,Common Stock,10.957,8217490,
MAPE S1 Equity,Mapfre SA,EUR,S1,ES,Common Stock,#N/A N/A,#N/A N/A,
URB/P SM Equity,Urbar Ingenieros SA,EUR,SM,ES,Common Stock,0.073,0,
1757954D SM Equity,Cellnex Telecom SA,EUR,SM,ES,Common Stock,#N/A N/A,#N/A N/A,
A3M EU Equity,Atresmedia Corp de Medios de Comunicacion SA,EUR,EU,ES,Common Stock,4.058,774521.3,
ABE TQ Equity,Abertis Infraestructuras SA,EUR,TQ,ES,Common Stock,#N/A N/A,#N/A N/A,
BSD2 GR Equity,Banco Santander SA,EUR,GR,ES,Common Stock,3.0305,162613.6,
CLNXEUR XV Equity,Cellnex Telecom SA,EUR,XV,ES,Common Stock,41.48,2340944,
ENC SQ Equity,Ence Energia y Celulosa SA,EUR,SQ,ES,Common Stock,3.644,926910.1,
GIFLF US Equity,Grifols SA,USD,US,ES,Common Stock,21,2110.300049,
IBG EU Equity,Iberpapel Gestion SA,EUR,EU,ES,Common Stock,15.9,10149.13,
LDAEUR EU Equity,Linea Directa Aseguradora SA Cia de Seguros y Reaseguros,EUR,EU,ES,Common Stock,1.303,1740775,
MAP EU Equity,Mapfre SA,EUR,EU,ES,Common Stock,1.746,11872750,
MVCEUR XV Equity,Metrovacesa SA,EUR,XV,ES,Common Stock,7.083,267860.2,
SAN PW Equity,Banco Santander SA,PLN,PW,ES,Common Stock,13.92,6620.267,
SANE S1 Equity,Banco Santander SA,EUR,S1,ES,Common Stock,3.217,115.3,
YAZR SM Equity,Azaria Rental Socimi SA,EUR,SM,ES,Common Stock,8.65,0,
0RKF LI Equity,Construcciones y Auxiliar de Ferrocarriles SA,EUR,LI,ES,Common Stock,30.25,0,
1314106D SM Equity,CaixaBank SA,EUR,SM,ES,Common Stock,#N/A N/A,#N/A N/A,
2008554D SM Equity,Nueva Expresion Textil SA,EUR,SM,ES,Common Stock,#N/A N/A,#N/A N/A,
480S SQ Equity,Soluciones Cuatroochenta SA,EUR,SQ,ES,Common Stock,16.3,296.2,
ABE EP Equity,Abertis Infraestructuras SA,EUR,EP,ES,Common Stock,#N/A N/A,#N/A N/A,
ACR SM Equity,Aceralia SA,EUR,SM,ES,Common Stock,#N/A N/A,#N/A N/A,
BOY GY Equity,Banco Bilbao Vizcaya Argentaria SA,EUR,GY,ES,Common Stock,5.1,18703.53,
ENOE EB Equity,Elecnor SA,EUR,EB,ES,Common Stock,12.65,1100.3,
IKM SM Equity,1nkemia IUCT Group SA,EUR,SM,ES,Common Stock,0.31,0,
1075Z SM Equity,Nacional de Reaseguros SA,EUR,SM,ES,Common Stock,#N/A N/A,#N/A N/A,
ABER AV Equity,Abertis Infraestructuras SA,EUR,AV,ES,Common Stock,#N/A N/A,#N/A N/A,
AI SQ Equity,Airtificial Intelligence Structures SA,EUR,SQ,ES,Common Stock,0.0865,905572.7,
AMADF US Equity,Amadeus IT Group SA,USD,US,ES,Common Stock,60.88,292.6666565,
BBVA XV Equity,Banco Bilbao Vizcaya Argentaria SA,EUR,XV,ES,Common Stock,5.097,15709680,
FERE T1 Equity,Ferrovial SA,EUR,T1,ES,Common Stock,24.11,102985.4,
HLZ SQ Equity,Holaluz-Clidom SA,EUR,SQ,ES,Common Stock,11.35,5384.067,
INC SM Equity,INCLAM SA,EUR,SM,ES,Common Stock,1.45,0,
MVCE S1 Equity,Metrovacesa SA,EUR,S1,ES,Common Stock,#N/A N/A,#N/A N/A,
RE21 TH Equity,Red Electrica Corp SA,EUR,TH,ES,Common Stock,19.09,2054,
REP GR Equity,Repsol SA,EUR,GR,ES,Common Stock,14.945,38739.46,
VGO SM Equity,Viesgo Distribucion Electrica SL,EUR,SM,ES,Common Stock,#N/A N/A,#N/A N/A,
VYT SQ Equity,Vytrus Biotech SA,EUR,SQ,ES,Common Stock,3.5,3524.533,
1846772D SM Equity,Banco Santander SA,EUR,SM,ES,Common Stock,#N/A N/A,#N/A N/A,
2808815Z FP Equity,EDP Renovaveis SA,EUR,FP,ES,Common Stock,#N/A N/A,#N/A N/A,
48CA TH Equity,CaixaBank SA,EUR,TH,ES,Common Stock,3.42,9338.267,
ALLLN FP Equity,Lleidanetworks Serveis Telematics SA,EUR,FP,ES,Common Stock,3.8,1278.533,
CIEE EB Equity,CIE Automotive SA,EUR,EB,ES,Common Stock,23.624,113606.6,
GAN GF Equity,Naturgy Energy Group SA,EUR,GF,ES,Common Stock,27.68,127,
IBEE S1 Equity,Iberdrola SA,EUR,S1,ES,Common Stock,#N/A N/A,0,
MLUAV FP Equity,Embention Sistemas Inteligentes SL,EUR,FP,ES,Common Stock,#N/A N/A,#N/A N/A,
PAC SM Equity,DS Smith Spain SA,EUR,SM,ES,Common Stock,#N/A N/A,#N/A N/A,
VIDE S1 Equity,Vidrala SA,EUR,S1,ES,Common Stock,#N/A N/A,#N/A N/A,
0QD0 LI Equity,Abengoa SA,EUR,LI,ES,Common Stock,0.005,0,
0QWI LI Equity,Industria de Diseno Textil SA,EUR,LI,ES,Common Stock,22.645,277178.7,
1106Z SM Equity,Bestinver SA,EUR,SM,ES,Common Stock,#N/A N/A,#N/A N/A,
1338Z SM Equity,Calidad Pascual SA,EUR,SM,ES,Common Stock,#N/A N/A,#N/A N/A,
1963964D SM Equity,ACS Actividades de Construccion y Servicios SA,EUR,SM,ES,Common Stock,#N/A N/A,#N/A N/A,
AENA AV Equity,Aena SME SA,EUR,AV,ES,Common Stock,144.25,2.233333,
ALKOM FP Equity,Plasticos Compuestos SA,EUR,FP,ES,Common Stock,1.8,1.2,
CFG SM Equity,Campofrio Food Group SA,EUR,SM,ES,Common Stock,#N/A N/A,#N/A N/A,
DOM2EUR EU Equity,Global Dominion Access SA,EUR,EU,ES,Common Stock,4.125,236606.8,
HOMEE IX Equity,Neinor Homes SA,EUR,IX,ES,Common Stock,10.24,0.6666667,
IXD1 GY Equity,Industria de Diseno Textil SA,EUR,GY,ES,Common Stock,22.46,4571.733,
NAT1 EO Equity,Natra SA,EUR,EO,ES,Common Stock,#N/A N/A,#N/A N/A,
TEFE EB Equity,Telefonica SA,EUR,EB,ES,Common Stock,4.881,6824290,
TLGOE QE Equity,Talgo SA,EUR,QE,ES,Common Stock,3.8,9295.967,
UCV SM Equity,Union Catalana de Valores SA,EUR,SM,ES,Common Stock,4.8,0,
W29 GF Equity,Energia Innovacion y Desarrollo Fotovoltaico SA,EUR,GF,ES,Common Stock,59.8,72.5,
YT2A GR Equity,Atresmedia Corp de Medios de Comunicacion SA,EUR,GR,ES,Common Stock,4.06,68.86667,
ZOTN MM Equity,Zardoya Otis SA,MXN,MM,ES,Common Stock,158.53,0,
0O9B LI Equity,Almirall SA,EUR,LI,ES,Common Stock,10.405,3056.533,
1010Z SM Equity,City of Madrid Spain,EUR,SM,ES,Common Stock,#N/A N/A,#N/A N/A,
1848416D SM Equity,Vidrala SA,EUR,SM,ES,Common Stock,#N/A N/A,#N/A N/A,
1849099D SM Equity,Sociedad General de Aguas de Barcelona SA,EUR,SM,ES,Common Stock,#N/A N/A,#N/A N/A,
1853879D SM Equity,Repsol SA,EUR,SM,ES,Common Stock,#N/A N/A,#N/A N/A,
3468364Q EU Equity,Grupo Ferrovial SA,USD,EU,ES,Common Stock,#N/A N/A,#N/A N/A,
ACXE S1 Equity,Acerinox SA,EUR,S1,ES,Common Stock,#N/A N/A,#N/A N/A,
AIOSF US Equity,Atresmedia Corp de Medios de Comunicacion SA,USD,US,ES,Common Stock,3.75,3.333333254,
CLNXEUR EZ Equity,Cellnex Telecom SA,EUR,EZ,ES,Common Stock,41.53,1794734,
EATE I2 Equity,AmRest Holdings SE,EUR,I2,ES,Common Stock,3.89,83.66666,
EATN MM Equity,AmRest Holdings SE,MXN,MM,ES,Common Stock,85.99,3792.567,
EDPR SW Equity,EDP Renovaveis SA,CHF,SW,ES,Common Stock,#N/A N/A,#N/A N/A,
GAM X2 Equity,Siemens Gamesa Renewable Energy SA,EUR,X2,ES,Common Stock,18.025,468564,
IBE XV Equity,Iberdrola SA,EUR,XV,ES,Common Stock,10.925,10379030,
IDRE EB Equity,Indra Sistemas SA,EUR,EB,ES,Common Stock,10.165,458980.6,
MDF SQ Equity,Duro Felguera SA,EUR,SQ,ES,Common Stock,0.94,355725.1,
ORY SQ Equity,Oryzon Genomics SA,EUR,SQ,ES,Common Stock,2.47,87131.4,
PSG EU Equity,Prosegur Cia de Seguridad SA,EUR,EU,ES,Common Stock,1.859,1008583,
RE21 GR Equity,Red Electrica Corp SA,EUR,GR,ES,Common Stock,19.155,340.8,
SOL2EUR EU Equity,Soltec Power Holdings SA,EUR,EU,ES,Common Stock,4.3,680515.9,
STD AR Equity,Banco Santander SA,ARS,AR,ES,Common Stock,#N/A N/A,#N/A N/A,
VOC EU Equity,Vocento SA,EUR,EU,ES,Common Stock,0.858,164930.2,
YINB4 SM Equity,Inbest Prime IV Inmuebles Socimi SA,EUR,SM,ES,Common Stock,1.05,0,
0ML1 LI Equity,EDP Renovaveis SA,EUR,LI,ES,Common Stock,22.92,29997.47,
0RTJ LN Equity,General de Alquiler de Maquinaria SA,EUR,LN,ES,Common Stock,#N/A N/A,#N/A N/A,
1135Z SM Equity,Mutua General De Seguros,USD,SM,ES,Common Stock,#N/A N/A,#N/A N/A,
1145Z SM Equity,Credit Lyonnais Securities Espana SA,EUR,SM,ES,Common Stock,#N/A N/A,#N/A N/A,
1498127D SM Equity,Banco Bilbao Vizcaya Argentaria SA,EUR,SM,ES,Common Stock,#N/A N/A,#N/A N/A,
1726082D SM Equity,Agile Content SA,EUR,SM,ES,Common Stock,#N/A N/A,#N/A N/A,
1NN GR Equity,Neinor Homes SA,EUR,GR,ES,Common Stock,11.3,32.16667,
39A TH Equity,Applus Services SA,EUR,TH,ES,Common Stock,7.085,361.6667,
48CA GR Equity,CaixaBank SA,EUR,GR,ES,Common Stock,3.408,2010.167,
54F GR Equity,Audax Renovables SA,EUR,GR,ES,Common Stock,1.231,2508.867,
AZKE EB Equity,Azkoyen SA,EUR,EB,ES,Common Stock,5.52,30,
AZR SM Equity,Azora Gestion Inmobiliaria SL,EUR,SM,ES,Common Stock,#N/A N/A,#N/A N/A,
CAM SQ Equity,Caja de Ahorros del Mediterraneo,EUR,SQ,ES,Common Stock,1.34,0,
ENA GR Equity,Endesa SA,EUR,GR,ES,Common Stock,20.53,1455.4,
GREE I2 Equity,Grenergy Renovables SA,EUR,I2,ES,Common Stock,39.64,13988.9,
GRF SW Equity,Grifols SA,CHF,SW,ES,Common Stock,19.176,6.833333,
HOMEE TQ Equity,Neinor Homes SA,EUR,TQ,ES,Common Stock,10.46,152.8,
ITXE TQ Equity,Industria de Diseno Textil SA,EUR,TQ,ES,Common Stock,22.49,3079.333,
LLYC SQ Equity,Llorente & Cuenca Madrid SL,EUR,SQ,ES,Common Stock,11.6,1240.533,
MMBMF PQ Equity,Masmovil Ibercom SA,USD,PQ,ES,Common Stock,#N/A N/A,#N/A N/A,
PSL SM Equity,Parquesol Inmobiliaria y Proyectos SA,EUR,SM,ES,Common Stock,#N/A N/A,#N/A N/A,
YIPSE B3 Equity,Inversa Prime SOCIMI SA,EUR,B3,ES,Common Stock,#N/A N/A,#N/A N/A,
0Z9Z LN Equity,Corp Empresarial de Materiales de Construccion SA,EUR,LN,ES,Common Stock,#N/A N/A,#N/A N/A,
1181Z SM Equity,Banco de Espana,EUR,SM,ES,Common Stock,#N/A N/A,#N/A N/A,
1446632D SM Equity,Banco Bilbao Vizcaya Argentaria SA,EUR,SM,ES,Common Stock,#N/A N/A,#N/A N/A,
1934674D SM Equity,Vidrala SA,EUR,SM,ES,Common Stock,#N/A N/A,#N/A N/A,
ABE EZ Equity,Abertis Infraestructuras SA,EUR,EZ,ES,Common Stock,#N/A N/A,#N/A N/A,
ACXIF US Equity,Acciona SA,USD,US,ES,Common Stock,190.75,510.3333435,
AZK SQ Equity,Azkoyen SA,EUR,SQ,ES,Common Stock,6.28,4450.467,
BNKXF US Equity,Bankia SA,USD,US,ES,Common Stock,#N/A N/A,#N/A N/A,
DGI EU Equity,Nueva Expresion Textil SA,EUR,EU,ES,Common Stock,0.406,38313.4,
EDW QT Equity,EDP Renovaveis SA,EUR,QT,ES,Common Stock,22.93,0,
EDW TH Equity,EDP Renovaveis SA,EUR,TH,ES,Common Stock,22.84,518.8333,
FERE TQ Equity,Ferrovial SA,EUR,TQ,ES,Common Stock,23.555,273.7333,
ITX QX Equity,Industria de Diseno Textil SA,EUR,QX,ES,Common Stock,#N/A N/A,#N/A N/A,
MVCE IX Equity,Metrovacesa SA,EUR,IX,ES,Common Stock,6.935,149.3667,
SMIZF US Equity,Melia Hotels International SA,USD,US,ES,Common Stock,7.46,177.1333313,
UFG TH Equity,Ferrovial SA,EUR,TH,ES,Common Stock,24.52,80.13333,
041 GS Equity,ADL Bionatur Solutions SA,EUR,GS,ES,Common Stock,0.197,0,
1334997D SM Equity,Banco Bilbao Vizcaya Argentaria SA,EUR,SM,ES,Common Stock,#N/A N/A,#N/A N/A,
1974675D SM Equity,Sacyr SA,EUR,SM,ES,Common Stock,#N/A N/A,#N/A N/A,
1QT GR Equity,AmRest Holdings SE,EUR,GR,ES,Common Stock,3.995,116.2667,
26K0 GF Equity,Strategic Minerals Europe Corp,EUR,GF,ES,Common Stock,0.234,1991.767,
ACX EU Equity,Acerinox SA,EUR,EU,ES,Common Stock,12.11,3175227,
ALNTE EB Equity,Alantra Partners SA,EUR,EB,ES,Common Stock,13.5,238.6333,
ANNSF US Equity,Aena SME SA,USD,US,ES,Common Stock,157.099,63.56666565,
BKIA1 EO Equity,Bankia SA,EUR,EO,ES,Common Stock,#N/A N/A,#N/A N/A,
CBAV SQ Equity,Clinica Baviera SA,EUR,SQ,ES,Common Stock,23.9,1253.467,
CDR EZ Equity,Codere SA/Spain,EUR,EZ,ES,Common Stock,#N/A N/A,0,
CLE SM Equity,Clever Global SA,EUR,SM,ES,Common Stock,0.282,7097.767,
EBROE I2 Equity,Ebro Foods SA,EUR,I2,ES,Common Stock,16.58,38384.54,
EDPRU EB Equity,EDP Renovaveis SA,EUR,EB,ES,Common Stock,22.54,250706.1,
ELEE EB Equity,Endesa SA,EUR,EB,ES,Common Stock,20.703,565282.9,
FDRE S1 Equity,Fluidra SA,EUR,S1,ES,Common Stock,#N/A N/A,#N/A N/A,
FER EZ Equity,Ferrovial SA,EUR,EZ,ES,Common Stock,24.11,1321339,
FERE QX Equity,Ferrovial SA,EUR,QX,ES,Common Stock,24.08,363.7667,
FERN MM Equity,Ferrovial SA,MXN,MM,ES,Common Stock,612.49,0,
FERUSD EO Equity,Ferrovial SA,USD,EO,ES,Common Stock,#N/A N/A,#N/A N/A,
GAM EP Equity,Siemens Gamesa Renewable Energy SA,EUR,EP,ES,Common Stock,18.025,4041727,
IKM SQ Equity,1nkemia IUCT Group SA,EUR,SQ,ES,Common Stock,0.31,0,
IXD1 GR Equity,Industria de Diseno Textil SA,EUR,GR,ES,Common Stock,22.52,5515.533,
MAPE EB Equity,Mapfre SA,EUR,EB,ES,Common Stock,1.732,2964104,
MED SQ Equity,Medcom Tech SA,EUR,SQ,ES,Common Stock,0.89,136.8333,
MS6N GR Equity,Metrovacesa SA,EUR,GR,ES,Common Stock,7.03,9.033334,
NYE SQ Equity,NYESA Valores Corp SA,EUR,SQ,ES,Common Stock,0.0029,53479130,
PHM2EUR EU Equity,Pharma Mar SA,EUR,EU,ES,Common Stock,72.52,107501.6,
PVA SQ Equity,Pescanova SA,EUR,SQ,ES,Common Stock,0.3715,48068.9,
REE EU Equity,Red Electrica Corp SA,EUR,EU,ES,Common Stock,19.22,3078079,
REEE T1 Equity,Red Electrica Corp SA,EUR,T1,ES,Common Stock,19.22,94538.2,
REP IM Equity,Repsol SA,EUR,IM,ES,Common Stock,14.97,1867.767,
SAR SM Equity,Sarrio SA,ESP,SM,ES,Common Stock,#N/A N/A,#N/A N/A,
SGRE AV Equity,Siemens Gamesa Renewable Energy SA,EUR,AV,ES,Common Stock,17.945,42.2,
TLGOEUR EP Equity,Talgo SA,EUR,EP,ES,Common Stock,3.81,141245.7,
1829747D SM Equity,Inversa Prime SOCIMI SA,EUR,SM,ES,Common Stock,#N/A N/A,#N/A N/A,
1902025D SM Equity,Iberdrola SA,EUR,SM,ES,Common Stock,#N/A N/A,#N/A N/A,
ALM3USD EU Equity,Almirall SA,USD,EU,ES,Common Stock,#N/A N/A,#N/A N/A,
AMPE S1 Equity,Amper SA,EUR,S1,ES,Common Stock,#N/A N/A,#N/A N/A,
CABKE TQ Equity,CaixaBank SA,EUR,TQ,ES,Common Stock,3.327,28125,
COM SQ Equity,Catenon SA,EUR,SQ,ES,Common Stock,2.04,41674.83,
EDPRU S1 Equity,EDP Renovaveis SA,EUR,S1,ES,Common Stock,22.85,2649.467,
ELEE S1 Equity,Endesa SA,EUR,S1,ES,Common Stock,#N/A N/A,0,
FER SW Equity,Ferrovial SA,CHF,SW,ES,Common Stock,#N/A N/A,#N/A N/A,
SANE IX Equity,Banco Santander SA,EUR,IX,ES,Common Stock,3.032,98501.7,
TEF SW Equity,Telefonica SA,CHF,SW,ES,Common Stock,5.075,116.5333,
TQT SM Equity,Technomeca Aerospace SA,EUR,SM,ES,Common Stock,0.93,0,
TREE T1 Equity,Tecnicas Reunidas SA,EUR,T1,ES,Common Stock,9.935,5608.967,
YMHRE SQ Equity,Millenium Hotels Real Estate SL,EUR,SQ,ES,Common Stock,3.88,4849.667,
ZOTE I2 Equity,Zardoya Otis SA,EUR,I2,ES,Common Stock,7.06,2746.533,
0QS9 LN Equity,eDreams ODIGEO SA,EUR,LN,ES,Common Stock,#N/A N/A,#N/A N/A,
1144Z SM Equity,Caja de Ahorros de la Inmaculada de Aragon,EUR,SM,ES,Common Stock,#N/A N/A,#N/A N/A,
1475684D SM Equity,Repsol SA,EUR,SM,ES,Common Stock,#N/A N/A,#N/A N/A,
AI3A GR Equity,Amadeus IT Group SA,EUR,GR,ES,Common Stock,57.46,115,
AITLF US Equity,Airtificial Intelligence Structures SA,USD,US,ES,Common Stock,#N/A N/A,#N/A N/A,
BBVAE S4 Equity,Banco Bilbao Vizcaya Argentaria SA,EUR,S4,ES,Common Stock,5.107,47679.3,
CABKE S1 Equity,CaixaBank SA,EUR,S1,ES,Common Stock,#N/A N/A,0,
CMAB GF Equity,Mapfre SA,EUR,GF,ES,Common Stock,1.72,1363.467,
CMAB GR Equity,Mapfre SA,EUR,GR,ES,Common Stock,1.737,2213.467,
DI6 TH Equity,Distribuidora Internacional de Alimentacion SA,EUR,TH,ES,Common Stock,0.0136,15208.87,
ENA TH Equity,Endesa SA,EUR,TH,ES,Common Stock,20.62,2382.233,
FNZ SM Equity,Finanzauto SA,EUR,SM,ES,Common Stock,#N/A N/A,#N/A N/A,
FRRVF UV Equity,Ferrovial SA,USD,UV,ES,Common Stock,24.8,128.0666656,
GTQ1 GF Equity,Siemens Gamesa Renewable Energy SA,EUR,GF,ES,Common Stock,18.01,2860.167,
GTQ1 TE Equity,Siemens Gamesa Renewable Energy SA,EUR,TE,ES,Common Stock,17.955,20.36667,
IBE SW Equity,Iberdrola SA,CHF,SW,ES,Common Stock,11.39,490,
IBRUSD EO Equity,Iberdrola Renovables SA,USD,EO,ES,Common Stock,#N/A N/A,#N/A N/A,
ITXE IX Equity,Industria de Diseno Textil SA,EUR,IX,ES,Common Stock,22.52,4273.1,
ITXE S4 Equity,Industria de Diseno Textil SA,EUR,S4,ES,Common Stock,22.515,4615.9,
MS7 GR Equity,Making Science Group SA,EUR,GR,ES,Common Stock,18.7,0,
OCI1 GF Equity,ACS Actividades de Construccion y Servicios SA,EUR,GF,ES,Common Stock,26.27,46.23333,
SABEN MM Equity,Banco de Sabadell SA,MXN,MM,ES,Common Stock,17.69,0,
SOSCF US Equity,Deoleo SA,USD,US,ES,Common Stock,2.35,3.333333254,
UNJCF UV Equity,Unicaja Banco SA,USD,UV,ES,Common Stock,#N/A N/A,0,
UNJCFEUR EZ Equity,Unicaja Banco SA,EUR,EZ,ES,Common Stock,0.947,3421120,
VHM GR Equity,Sacyr SA,EUR,GR,ES,Common Stock,2.664,1224.533,
VON GR Equity,Vocento SA,EUR,GR,ES,Common Stock,0.842,0,
WBX UA Equity,Wallbox NV,USD,UA,ES,Common Stock,9.93,1806.699951,
XTG QT Equity,Talgo SA,EUR,QT,ES,Common Stock,3.835,8.333333,
ZOT/N SM Equity,Zardoya Otis SA,EUR,SM,ES,Common Stock,#N/A N/A,#N/A N/A,
0F3Y LN Equity,Liwe Espanola SA,EUR,LN,ES,Common Stock,#N/A N/A,#N/A N/A,
0ILK LI Equity,CaixaBank SA,EUR,LI,ES,Common Stock,3.404,505516.5,
0RNU LI Equity,Neinor Homes SA,EUR,LI,ES,Common Stock,11.22,405.3,
1122Z SM Equity,Mutuactivos Sociedad de Valores SA,EUR,SM,ES,Common Stock,#N/A N/A,#N/A N/A,
1398874D SM Equity,Parque de Atracciones Madrid SA,EUR,SM,ES,Common Stock,#N/A N/A,#N/A N/A,
1404Z US Equity,Instituto de Credito Oficial,USD,US,ES,Common Stock,#N/A N/A,#N/A N/A,
18792EUR EU Equity,Grupo Ecoener SA,EUR,EU,ES,Common Stock,5.62,24842.97,
67E GF Equity,Wallbox NV,EUR,GF,ES,Common Stock,9.036,40.83333,
ABGOF US Equity,Abengoa SA,USD,US,ES,Common Stock,#N/A N/A,0,
ABGPGBX XQ Equity,Abengoa SA,GBp,XQ,ES,Common Stock,#N/A N/A,#N/A N/A,
ALM3 EP Equity,Almirall SA,EUR,EP,ES,Common Stock,10.42,532203.9,
BBVA X2 Equity,Banco Bilbao Vizcaya Argentaria SA,EUR,X2,ES,Common Stock,5.095,6914869,
BBVAE TQ Equity,Banco Bilbao Vizcaya Argentaria SA,EUR,TQ,ES,Common Stock,5.016,22113.17,
EDPR EP Equity,EDP Renovaveis SA,EUR,EP,ES,Common Stock,22.89,1229725,
G08 TH Equity,Global Dominion Access SA,EUR,TH,ES,Common Stock,4.085,25.4,
GRE11USD EU Equity,Grenergy Renovables SA,USD,EU,ES,Common Stock,#N/A N/A,#N/A N/A,
HOME2GBX EU Equity,Neinor Homes SA,GBp,EU,ES,Common Stock,#N/A N/A,#N/A N/A,
IBEE QE Equity,Iberdrola SA,EUR,QE,ES,Common Stock,10.92,1462868,
IBEE T1 Equity,Iberdrola SA,EUR,T1,ES,Common Stock,10.92,1284549,
ISEE EB Equity,Innovative Solutions Ecosystem SA,EUR,EB,ES,Common Stock,1.44,26,
MAKS SQ Equity,Making Science Group SA,EUR,SQ,ES,Common Stock,19.2,517.2667,
MLARI FP Equity,Arimelia Itg Socimi SA,EUR,FP,ES,Common Stock,#N/A N/A,#N/A N/A,
MLPER FP Equity,Perseida Renta Gestion Socimi SA,EUR,FP,ES,Common Stock,#N/A N/A,#N/A N/A,
OCI1 GR Equity,ACS Actividades de Construccion y Servicios SA,EUR,GR,ES,Common Stock,26.42,124.9333,
PARQF PQ Equity,Parques Reunidos Servicios Centrales SAU,USD,PQ,ES,Common Stock,#N/A N/A,#N/A N/A,
PQN GR Equity,Prosegur Cash SA,EUR,GR,ES,Common Stock,0.7,402.5,
PQN GZ Equity,Prosegur Cash SA,EUR,GZ,ES,Common Stock,0.705,7.166667,
PRM EU Equity,Prim SA,EUR,EU,ES,Common Stock,14.05,3551.233,
PRS EP Equity,Promotora de Informaciones SA,EUR,EP,ES,Common Stock,0.579,114831,
PRSE BQ Equity,Promotora de Informaciones SA,EUR,BQ,ES,Common Stock,0.575,1284.6,
PSG EP Equity,Prosegur Cia de Seguridad SA,EUR,EP,ES,Common Stock,1.859,597418.3,
REPE EB Equity,Repsol SA,EUR,EB,ES,Common Stock,15.035,3958370,
RIO SQ Equity,Bodegas Riojanas SA,EUR,SQ,ES,Common Stock,2.9,1522.233,
ROVIN MM Equity,Laboratorios Farmaceuticos Rovi SA,MXN,MM,ES,Common Stock,1328.12,112.5333,
TLGOE EB Equity,Talgo SA,EUR,EB,ES,Common Stock,3.83,46766.04,
TRR SM Equity,Terra Networks SA,EUR,SM,ES,Common Stock,#N/A N/A,#N/A N/A,
YAC1EUR EP Equity,Inversa Prime SOCIMI SA,EUR,EP,ES,Common Stock,1.3,28800.8,
YIPSE PO Equity,Inversa Prime SOCIMI SA,EUR,PO,ES,Common Stock,#N/A N/A,#N/A N/A,
ZOTE IX Equity,Zardoya Otis SA,EUR,IX,ES,Common Stock,7.06,2.233333,
0GWJ LN Equity,Clinica Baviera SA,EUR,LN,ES,Common Stock,#N/A N/A,#N/A N/A,
0KD2 LN Equity,Tubos Reunidos SA,EUR,LN,ES,Common Stock,#N/A N/A,#N/A N/A,
0NUI LN Equity,Abengoa SA,EUR,LN,ES,Common Stock,#N/A N/A,#N/A N/A,
1091Z SQ Equity,Ibercaja Banco SA,EUR,SQ,ES,Common Stock,#N/A N/A,#N/A N/A,
1260Z SM Equity,Nuclear Moratorium Asset Securitisation Fund,USD,SM,ES,Common Stock,#N/A N/A,#N/A N/A,
1373849D SM Equity,Iberdrola SA,EUR,SM,ES,Common Stock,#N/A N/A,#N/A N/A,
ABGPE S1 Equity,Abengoa SA,EUR,S1,ES,Common Stock,#N/A N/A,#N/A N/A,
ACE1 GR Equity,Acerinox SA,EUR,GR,ES,Common Stock,12.155,134.5667,
ACSAF US Equity,ACS Actividades de Construccion y Servicios SA,USD,US,ES,Common Stock,28.23,194.5,
ANEE EB Equity,Corp ACCIONA Energias Renovables SA,EUR,EB,ES,Common Stock,36.26,97258.53,
ANEEUR EP Equity,Corp ACCIONA Energias Renovables SA,EUR,EP,ES,Common Stock,36.56,226576.1,
AUC GR Equity,Abertis Infraestructuras SA,EUR,GR,ES,Common Stock,#N/A N/A,#N/A N/A,
AXF1 GR Equity,Construcciones y Auxiliar de Ferrocarriles SA,EUR,GR,ES,Common Stock,30,20,
AYC SN Equity,Ayco Grupo Inmobiliario SA,EUR,SN,ES,Common Stock,0.68,0,
CMO SQ Equity,Cementos Molins SA,EUR,SQ,ES,Common Stock,#N/A N/A,#N/A N/A,
DIA2EUR EP Equity,Distribuidora Internacional de Alimentacion SA,EUR,EP,ES,Common Stock,0.0143,37310320,
DIA2EUR EU Equity,Distribuidora Internacional de Alimentacion SA,EUR,EU,ES,Common Stock,0.014,49409770,
EDW GF Equity,EDP Renovaveis SA,EUR,GF,ES,Common Stock,22.51,148.6,
ENA GY Equity,Endesa SA,EUR,GY,ES,Common Stock,20.71,800.6334,
ENCE S1 Equity,Ence Energia y Celulosa SA,EUR,S1,ES,Common Stock,#N/A N/A,#N/A N/A,
ENCE TQ Equity,Ence Energia y Celulosa SA,EUR,TQ,ES,Common Stock,#N/A N/A,#N/A N/A,
FERE QE Equity,Ferrovial SA,EUR,QE,ES,Common Stock,24.11,118179.3,
GAN GS Equity,Naturgy Energy Group SA,EUR,GS,ES,Common Stock,27.66,23.6,
HMR SM Equity,Home Meal Replacement SA,EUR,SM,ES,Common Stock,1.9,0,
HOMEE T1 Equity,Neinor Homes SA,EUR,T1,ES,Common Stock,11.4,2911.333,
IBDSF PQ Equity,Iberdrola SA,USD,PQ,ES,Common Stock,#N/A N/A,#N/A N/A,
ITX XV Equity,Industria de Diseno Textil SA,EUR,XV,ES,Common Stock,22.53,9682257,
MAKSEUR EP Equity,Making Science Group SA,EUR,EP,ES,Common Stock,19.2,517.2667,
MCME IX Equity,Miquel y Costas & Miquel SA,EUR,IX,ES,Common Stock,12.02,30.03333,
MCMN MF Equity,Miquel y Costas & Miquel SA,MXN,MF,ES,Common Stock,261.61,243.2333,
MEL TH Equity,Melia Hotels International SA,EUR,TH,ES,Common Stock,7.545,1171.7,
MS7 GF Equity,Making Science Group SA,EUR,GF,ES,Common Stock,18.7,0,
OCI1 TH Equity,ACS Actividades de Construccion y Servicios SA,EUR,TH,ES,Common Stock,26.41,890.5333,
RE21 GF Equity,Red Electrica Corp SA,EUR,GF,ES,Common Stock,19.16,11.36667,
REE AV Equity,Red Electrica Corp SA,EUR,AV,ES,Common Stock,19.255,27,
REPE S1 Equity,Repsol SA,EUR,S1,ES,Common Stock,#N/A N/A,#N/A N/A,
RJF SQ Equity,Laboratorio Reig Jofre SA,EUR,SQ,ES,Common Stock,3.05,16371.87,
SAN XL Equity,Banco Santander SA,EUR,XL,ES,Common Stock,3.037,8278539,
SANPLN EU Equity,Banco Santander SA,PLN,EU,ES,Common Stock,13.92,6551.667,
SGREE IX Equity,Siemens Gamesa Renewable Energy SA,EUR,IX,ES,Common Stock,17.955,9080.7,
TLGOE QX Equity,Talgo SA,EUR,QX,ES,Common Stock,#N/A N/A,0,
TLGOE S1 Equity,Talgo SA,EUR,S1,ES,Common Stock,#N/A N/A,#N/A N/A,
TRLYF US Equity,Terra Networks SA,USD,US,ES,Common Stock,#N/A N/A,#N/A N/A,
TUB2 EU Equity,Tubacex SA,EUR,EU,ES,Common Stock,2.47,563879.8,
UNIE I2 Equity,Unicaja Banco SA,EUR,I2,ES,Common Stock,0.945,1423190,
VDRFF US Equity,Vidrala SA,USD,US,ES,Common Stock,#N/A N/A,#N/A N/A,
VISE EB Equity,Viscofan SA,EUR,EB,ES,Common Stock,50.13,40376.37,
VISE TQ Equity,Viscofan SA,EUR,TQ,ES,Common Stock,49.57,77.56667,
XSO GR Equity,Prisa Television SAU,EUR,GR,ES,Common Stock,#N/A N/A,#N/A N/A,
YIPSE L3 Equity,Inversa Prime SOCIMI SA,EUR,L3,ES,Common Stock,#N/A N/A,#N/A N/A,
YIPSE S2 Equity,Inversa Prime SOCIMI SA,EUR,S2,ES,Common Stock,#N/A N/A,#N/A N/A,
ZOT EP Equity,Zardoya Otis SA,EUR,EP,ES,Common Stock,7.06,18000.27,
ZOTE QX Equity,Zardoya Otis SA,EUR,QX,ES,Common Stock,#N/A N/A,0,
0DZC LI Equity,CIE Automotive SA,EUR,LI,ES,Common Stock,24.51,883.0333,
0EVB LN Equity,Airtificial Intelligence Structures SA,EUR,LN,ES,Common Stock,#N/A N/A,#N/A N/A,
0NO6 LN Equity,Amper SA,EUR,LN,ES,Common Stock,#N/A N/A,#N/A N/A,
0RP7 LN Equity,Ayco Grupo Inmobiliario SA,EUR,LN,ES,Common Stock,#N/A N/A,#N/A N/A,
1016Z SM Equity,Junta de Castilla y Leon,EUR,SM,ES,Common Stock,#N/A N/A,#N/A N/A,
1018Z SM Equity,Airbus Defence & Space SA,EUR,SM,ES,Common Stock,#N/A N/A,#N/A N/A,
1079Z SM Equity,Sociedad Estatal de Participacion Industriales,EUR,SM,ES,Common Stock,#N/A N/A,#N/A N/A,
1721266D SM Equity,Ferrovial SA,EUR,SM,ES,Common Stock,#N/A N/A,#N/A N/A,
1766524D SM Equity,Ferrovial SA,EUR,SM,ES,Common Stock,#N/A N/A,#N/A N/A,
4F1 GR Equity,Fluidra SA,EUR,GR,ES,Common Stock,24.62,8.666667,
9TV GR Equity,Lleidanetworks Serveis Telematics SA,EUR,GR,ES,Common Stock,3.65,643.1334,
A2T GR Equity,Atrys Health SA,EUR,GR,ES,Common Stock,7.2,51.23333,
ABGPE PO Equity,Abengoa SA,EUR,PO,ES,Common Stock,#N/A N/A,#N/A N/A,
ACXN MM Equity,Acerinox SA,MXN,MM,ES,Common Stock,253.17,482.4333,
ALME QE Equity,Almirall SA,EUR,QE,ES,Common Stock,10.42,54993.83,
AMPE IX Equity,Amper SA,EUR,IX,ES,Common Stock,0.27,0,
AMSN MM Equity,Amadeus IT Group SA,MXN,MM,ES,Common Stock,1220.11,451.2667,
AZC SM Equity,Asturiana de Zinc SA,EUR,SM,ES,Common Stock,#N/A N/A,#N/A N/A,
BBI SM Equity,Bodegas Bilbainas SA,EUR,SM,ES,Common Stock,#N/A N/A,#N/A N/A,
CABKE QX Equity,CaixaBank SA,EUR,QX,ES,Common Stock,3.371,19142.97,
CABKN MF Equity,CaixaBank SA,MXN,MF,ES,Common Stock,68.31,65023.93,
CAM1 E1 Equity,Caja de Ahorros del Mediterraneo,EUR,E1,ES,Common Stock,#N/A N/A,#N/A N/A,
CLNXE EB Equity,Cellnex Telecom SA,EUR,EB,ES,Common Stock,42.01,949474.8,
CLNXEUR XL Equity,Cellnex Telecom SA,EUR,XL,ES,Common Stock,41.41,598015.4,
EDPRU T1 Equity,EDP Renovaveis SA,EUR,T1,ES,Common Stock,22.87,68557.77,
EG4 TH Equity,Enagas SA,EUR,TH,ES,Common Stock,21.49,9633.066,
ELE XL Equity,Endesa SA,EUR,XL,ES,Common Stock,20.55,391270.2,
FAE EU Equity,Faes Farma SA,EUR,EU,ES,Common Stock,4.015,720399,
FDRE T1 Equity,Fluidra SA,EUR,T1,ES,Common Stock,24.7,34908.46,
GAM EZ Equity,Siemens Gamesa Renewable Energy SA,EUR,EZ,ES,Common Stock,18.025,4127193,
GAN TH Equity,Naturgy Energy Group SA,EUR,TH,ES,Common Stock,27.81,706.2,
GAS TE Equity,Naturgy Energy Group SA,EUR,TE,ES,Common Stock,27.91,86.33334,
GSJ EU Equity,Grupo Empresarial San Jose SA,EUR,EU,ES,Common Stock,4.35,17470.23,
GTQ1 GZ Equity,Siemens Gamesa Renewable Energy SA,EUR,GZ,ES,Common Stock,17.995,3661.6,
IBE EO Equity,Iberdrola SA,EUR,EO,ES,Common Stock,#N/A N/A,#N/A N/A,
IBE1 GB Equity,Iberdrola SA,EUR,GB,ES,Common Stock,11.115,109.3,
IBEE BQ Equity,Iberdrola SA,EUR,BQ,ES,Common Stock,10.925,155896.7,
ISMAF US Equity,Indra Sistemas SA,USD,US,ES,Common Stock,#N/A N/A,0,
LDAE BQ Equity,Linea Directa Aseguradora SA Cia de Seguros y Reaseguros,EUR,BQ,ES,Common Stock,1.302,13182.77,
MVC TQ Equity,Metrovacesa SA/Old,EUR,TQ,ES,Common Stock,#N/A N/A,#N/A N/A,
MVCE I2 Equity,Metrovacesa SA,EUR,I2,ES,Common Stock,7.065,141671.4,
NTGYE I2 Equity,Naturgy Energy Group SA,EUR,I2,ES,Common Stock,27.9,238005.7,
ORN GF Equity,Oryzon Genomics SA,EUR,GF,ES,Common Stock,2.415,1.266667,
PGUUF US Equity,Prosegur Cash SA,USD,US,ES,Common Stock,0.753,228.8333282,
PSGN MM Equity,Prosegur Cia de Seguridad SA,MXN,MM,ES,Common Stock,65,0,
REP1 SW Equity,Repsol SA,CHF,SW,ES,Common Stock,14.98,6.666667,
SAN X2 Equity,Banco Santander SA,EUR,X2,ES,Common Stock,3.036,5254766,
SAP SM Equity,Playa de Alboraya,EUR,SM,ES,Common Stock,#N/A N/A,#N/A N/A,
SGREE TQ Equity,Siemens Gamesa Renewable Energy SA,EUR,TQ,ES,Common Stock,17.793,941.5,
TL5E I2 Equity,Mediaset Espana Comunicacion SA,EUR,I2,ES,Common Stock,4.102,558817.1,
TLGOE T1 Equity,Talgo SA,EUR,T1,ES,Common Stock,3.8,1363.6,
TNE5 GZ Equity,Telefonica SA,EUR,GZ,ES,Common Stock,4.808,1508.8,
UFG GS Equity,Ferrovial SA,EUR,GS,ES,Common Stock,23.97,2.033333,
VID EP Equity,Vidrala SA,EUR,EP,ES,Common Stock,75.4,42166.33,
VISE I2 Equity,Viscofan SA,EUR,I2,ES,Common Stock,50.375,35203.04,
ZOTE QE Equity,Zardoya Otis SA,EUR,QE,ES,Common Stock,#N/A N/A,2956.567,
ZOTEUR WT Equity,Zardoya Otis SA,EUR,WT,ES,Common Stock,#N/A N/A,#N/A N/A,
0N9G LI Equity,Endesa SA,EUR,LI,ES,Common Stock,20.64,14247.17,
0NQG LO Equity,Repsol SA,EUR,LO,ES,Common Stock,14.963,277472,
1099Z SM Equity,Ibersecurities SA,EUR,SM,ES,Common Stock,#N/A N/A,#N/A N/A,
1237Z SM Equity,Mahou SA,EUR,SM,ES,Common Stock,#N/A N/A,#N/A N/A,
1289983D SM Equity,Repsol SA,EUR,SM,ES,Common Stock,#N/A N/A,#N/A N/A,
1339336D S1 Equity,Pharma Mar SA,EUR,S1,ES,Common Stock,#N/A N/A,#N/A N/A,
1415116D SM Equity,Hotel Miguel Angel SA,EUR,SM,ES,Common Stock,#N/A N/A,#N/A N/A,
1571206D SM Equity,ACS Actividades de Construccion y Servicios SA,EUR,SM,ES,Common Stock,#N/A N/A,#N/A N/A,
1877495D SM Equity,Cellnex Telecom SA,EUR,SM,ES,Common Stock,#N/A N/A,#N/A N/A,
1898729D SM Equity,Obrascon Huarte Lain SA,EUR,SM,ES,Common Stock,#N/A N/A,#N/A N/A,
1901459D SM Equity,Fomento de Construcciones y Contratas SA,EUR,SM,ES,Common Stock,#N/A N/A,#N/A N/A,
2733113Q EO Equity,Altadis SA,EUR,EO,ES,Common Stock,#N/A N/A,#N/A N/A,
472 TH Equity,Cellnex Telecom SA,EUR,TH,ES,Common Stock,41.66,275.3333,
5CI QT Equity,Cia de Distribucion Integral Logista Holdings SA,EUR,QT,ES,Common Stock,18.11,3.666667,
5GR GR Equity,Grenergy Renovables SA,EUR,GR,ES,Common Stock,38.78,259.0667,
ABE/N SM Equity,Abertis Infraestructuras SA,EUR,SM,ES,Common Stock,#N/A N/A,#N/A N/A,
ACE1 TH Equity,Acerinox SA,EUR,TH,ES,Common Stock,12.15,1744.567,
AENAE I2 Equity,Aena SME SA,EUR,I2,ES,Common Stock,141.4,88778.34,
AGVA SM Equity,Aguas de Valencia SA,EUR,SM,ES,Common Stock,#N/A N/A,#N/A N/A,
ALB XV Equity,Corp Financiera Alba SA,EUR,XV,ES,Common Stock,55.7,3557.267,
AMSE S1 Equity,Amadeus IT Group SA,EUR,S1,ES,Common Stock,60.26,12.4,
ANAGBX EU Equity,Acciona SA,GBp,EU,ES,Common Stock,#N/A N/A,#N/A N/A,
AZU GR Equity,Ebro Foods SA,EUR,GR,ES,Common Stock,16.5,184.8667,
BBVA XL Equity,Banco Bilbao Vizcaya Argentaria SA,EUR,XL,ES,Common Stock,5.082,3382551,
BBVA1 SW Equity,Banco Bilbao Vizcaya Argentaria SA,CHF,SW,ES,Common Stock,4.987,66.66666,
BBVACHF EU Equity,Banco Bilbao Vizcaya Argentaria SA,CHF,EU,ES,Common Stock,#N/A N/A,#N/A N/A,
BCP SM Equity,Blue Chip Inversiones SA,EUR,SM,ES,Common Stock,#N/A N/A,#N/A N/A,
BVAL IX Equity,Banco Bilbao Vizcaya Argentaria SA,EUR,IX,ES,Common Stock,4.87,0,
CAR SM Equity,Carbures Europe SA,EUR,SM,ES,Common Stock,#N/A N/A,#N/A N/A,
CLNX AV Equity,Cellnex Telecom SA,EUR,AV,ES,Common Stock,41.98,7.5,
CLNXEUR X2 Equity,Cellnex Telecom SA,EUR,X2,ES,Common Stock,41.51,394325.5,
CSV GR Equity,Corp Financiera Alba SA,EUR,GR,ES,Common Stock,55.3,28.76667,
EBROE IX Equity,Ebro Foods SA,EUR,IX,ES,Common Stock,15.94,0,
FER XX Equity,Ferrovial SA,EUR,XX,ES,Common Stock,#N/A N/A,567501.6,
FV02 GZ Equity,Bankia SA,EUR,GZ,ES,Common Stock,#N/A N/A,#N/A N/A,
GALQE I2 Equity,General de Alquiler de Maquinaria SA,EUR,I2,ES,Common Stock,1.52,0,
GRF EP Equity,Grifols SA,EUR,EP,ES,Common Stock,19.56,1949554,
GRFE BQ Equity,Grifols SA,EUR,BQ,ES,Common Stock,19.46,37497.3,
GRFUSD EO Equity,Grifols SA,USD,EO,ES,Common Stock,#N/A N/A,#N/A N/A,
H0U GR Equity,Singular People SA,EUR,GR,ES,Common Stock,3.99,0,
IKMEUR EZ Equity,1nkemia IUCT Group SA,EUR,EZ,ES,Common Stock,#N/A N/A,#N/A N/A,
ISUR SQ Equity,Inmobiliaria del Sur SA,EUR,SQ,ES,Common Stock,8.1,1881.533,
MAKSEUR EZ Equity,Making Science Group SA,EUR,EZ,ES,Common Stock,20.4,518.2667,
MCM XH Equity,Miquel y Costas & Miquel SA,EUR,XH,ES,Common Stock,#N/A N/A,#N/A N/A,
MCMN MM Equity,Miquel y Costas & Miquel SA,MXN,MM,ES,Common Stock,261.61,243.2333,
MLISP FP Equity,Inmosupa Socimi SA,EUR,FP,ES,Common Stock,#N/A N/A,#N/A N/A,
PHM1N MM Equity,Pharma Mar SA,MXN,MM,ES,Common Stock,1608.38,0,
RE21 GY Equity,Red Electrica Corp SA,EUR,GY,ES,Common Stock,19.415,135.2,
REPD AR Equity,Repsol SA,USD,AR,ES,Common Stock,#N/A N/A,#N/A N/A,
REPG GR Equity,Repsol SA,EUR,GR,ES,Common Stock,#N/A N/A,#N/A N/A,
REPYF UV Equity,Repsol SA,USD,UV,ES,Common Stock,16.13,634.3666382,
ROVIE I2 Equity,Laboratorios Farmaceuticos Rovi SA,EUR,I2,ES,Common Stock,62.2,88303.07,
ROVIN MU Equity,Laboratorios Farmaceuticos Rovi SA,MXN,MU,ES,Common Stock,1328.12,0,
SAN AV Equity,Banco Santander SA,EUR,AV,ES,Common Stock,3.0575,1013.367,
SEV SM Equity,Cia Sevillana de Electricidad,EUR,SM,ES,Common Stock,#N/A N/A,#N/A N/A,
T5R GR Equity,Tecnicas Reunidas SA,EUR,GR,ES,Common Stock,9.87,1.7,
TEFE T1 Equity,Telefonica SA,EUR,T1,ES,Common Stock,4.812,708653.1,
TU1 GF Equity,Tubos Reunidos SA,EUR,GF,ES,Common Stock,0.345,0,
U8S GF Equity,Substrate Artificial Inteligence SA,EUR,GF,ES,Common Stock,1.962,#N/A N/A,
UNIE S1 Equity,Unicaja Banco SA,EUR,S1,ES,Common Stock,#N/A N/A,0,
UNIE T1 Equity,Unicaja Banco SA,EUR,T1,ES,Common Stock,0.942,171687,
VIS GR Equity,Viscofan SA,EUR,GR,ES,Common Stock,50.1,39.6,
ZRDZF UV Equity,Zardoya Otis SA,USD,UV,ES,Common Stock,#N/A N/A,0,
0546552D SM Equity,JB Capital Markets Sociedad de Valores SA,EUR,SM,ES,Common Stock,#N/A N/A,#N/A N/A,
0KDD LN Equity,Vocento SA,EUR,LN,ES,Common Stock,#N/A N/A,#N/A N/A,
0NQG LI Equity,Repsol SA,EUR,LI,ES,Common Stock,14.963,277472,
0RDU LI Equity,Grifols SA,EUR,LI,ES,Common Stock,19.425,10571.47,
0RR7 LI Equity,Unicaja Banco SA,EUR,LI,ES,Common Stock,0.948,237043,
1020Z SM Equity,Diputacion Foral de Gipuzcoa,EUR,SM,ES,Common Stock,#N/A N/A,#N/A N/A,
1568999D SM Equity,Iberdrola SA,EUR,SM,ES,Common Stock,#N/A N/A,#N/A N/A,
1777596D SM Equity,Iberdrola SA,EUR,SM,ES,Common Stock,#N/A N/A,#N/A N/A,
1892331D SM Equity,Telefonica SA,EUR,SM,ES,Common Stock,#N/A N/A,#N/A N/A,
1QT GF Equity,AmRest Holdings SE,EUR,GF,ES,Common Stock,3.995,97.93333,
41L GS Equity,Laboratorios Farmaceuticos Rovi SA,EUR,GS,ES,Common Stock,61.3,8.333333,
4CD1 QT Equity,Codere SA/Spain,EUR,QT,ES,Common Stock,#N/A N/A,0,
5GR GF Equity,Grenergy Renovables SA,EUR,GF,ES,Common Stock,38.64,176.1333,
7GA TH Equity,Gestamp Automocion SA,EUR,TH,ES,Common Stock,3.678,245.2,
A2T GF Equity,Atrys Health SA,EUR,GF,ES,Common Stock,7.38,51.23333,
ABG/P BW Equity,Abengoa SA,CHF,BW,ES,Common Stock,#N/A N/A,#N/A N/A,
AEDASE T1 Equity,Aedas Homes SA,EUR,T1,ES,Common Stock,21.95,219.1,
AENAEUR EZ Equity,Aena SME SA,EUR,EZ,ES,Common Stock,141.4,219615.9,
ALM3 EZ Equity,Almirall SA,EUR,EZ,ES,Common Stock,10.42,536734.4,
ALME TQ Equity,Almirall SA,EUR,TQ,ES,Common Stock,10.935,217.6,
AMS3 XV Equity,Amadeus IT Group SA,EUR,XV,ES,Common Stock,57.768,738041.1,
ANEE S2 Equity,Corp ACCIONA Energias Renovables SA,EUR,S2,ES,Common Stock,#N/A N/A,#N/A N/A,
ATL SM Equity,Banco Atlantico SA,EUR,SM,ES,Common Stock,#N/A N/A,#N/A N/A,
BAKA GS Equity,Bankinter SA,EUR,GS,ES,Common Stock,5.954,60.96667,
BAM SM Equity,Bami Inmobiliaria de Construcciones & Terrenos,EUR,SM,ES,Common Stock,#N/A N/A,#N/A N/A,
BKTEUR WT Equity,Bankinter SA,EUR,WT,ES,Common Stock,5.224,1863.333,
BOY GR Equity,Banco Bilbao Vizcaya Argentaria SA,EUR,GR,ES,Common Stock,5.078,21263.57,
CDNIF UV Equity,Cia de Distribucion Integral Logista Holdings SA,USD,UV,ES,Common Stock,#N/A N/A,0,
CDR X9 Equity,Codere SA/Spain,EUR,X9,ES,Common Stock,#N/A N/A,#N/A N/A,
CDRE B3 Equity,Codere SA/Spain,EUR,B3,ES,Common Stock,#N/A N/A,#N/A N/A,
CDRE L3 Equity,Codere SA/Spain,EUR,L3,ES,Common Stock,#N/A N/A,#N/A N/A,
CDRE PO Equity,Codere SA/Spain,EUR,PO,ES,Common Stock,#N/A N/A,#N/A N/A,
CIEE S1 Equity,CIE Automotive SA,EUR,S1,ES,Common Stock,#N/A N/A,#N/A N/A,
CIXPF UV Equity,CaixaBank SA,USD,UV,ES,Common Stock,3.56,2922.699951,
CLNXE L1 Equity,Cellnex Telecom SA,EUR,L1,ES,Common Stock,41.53,38993.54,
